barname,foodname,price
"Absent Snow","Waffle Fries",4.74
"Absent Snow","Blooming Onion",8.89
"Absent Snow",Chili,8.52
"Absent Snow",Fries,5.79
"Absent Snow",Poppers,9.99
"Absent Snow",Quesadilla,9.99
"Absent Snow","Hot Wings",5.02
"Absent Snow","Fish and chips",4.46
"Absent Snow",Popcorn,9.99
"Absent Snow","Devils on Horseback",5.66
"Absent Snow","Mozzarella Sticks",9.16
"Admiral Benbow Inn","Grilled cheese sandwich",8.05
"Admiral Benbow Inn","Deviled Eggs",2.47
"Admiral Benbow Inn",Poppers,9.99
"Admiral Benbow Inn","Pigs in a Blanket",9.49
"Admiral Benbow Inn",Fries,8.55
"Admiral Benbow Inn","Waffle Fries",4.74
"Admiral Benbow Inn",Pizza,7.94
"Admiral Benbow Inn","Mozzarella Sticks",7.42
"Admiral Benbow Inn","Devils on Horseback",5.66
"Admiral Benbow Inn",Burger,4.52
"Admiral Benbow Inn","Hot Wings",5.02
"Admiral Benbow Inn","Curly Fries",3.46
"Admiral Benbow Inn",Quesadilla,9.99
"Admiral Benbow Inn","Buffalo Wings",4.39
"Amused Lemon Parlor","Potato skins",6.72
"Amused Lemon Parlor",Pizza,7.94
"Amused Lemon Parlor","Chicken Soup",8.48
"Amused Lemon Parlor",Quesadilla,9.99
"Amused Lemon Parlor",Chili,7.45
"Amused Lemon Parlor","Devils on Horseback",6.11
"Amused Lemon Parlor","Nachos chips",3.40
"Amused Lemon Parlor","Grilled cheese sandwich",9.20
"Amused Lemon Parlor","Pigs in a Blanket",9.49
"Amused Lemon Parlor","Peel-n-eat shrimp",7.71
"Amused Lemon Parlor","Buffalo Wings",4.39
Anchor,"Soft Pretzel",6.72
Anchor,Fries,8.55
Anchor,"Devils on Horseback",4.13
Anchor,"Peel-n-eat shrimp",6.44
Anchor,Quesadilla,9.99
Anchor,Burger,4.88
Anchor,"Waffle Fries",5.42
Anchor,"Pigs in a Blanket",8.30
Anchor,"Tater Tots",3.31
Anchor,"Blooming Onion",8.89
Anchor,Sliders,9.20
Anchor,"Potato skins",9.20
Anchor,"Buffalo Wings",4.07
Anchor,"Fish and chips",4.46
Anchor,"Curly Fries",3.46
Anchor,Pizza,5.38
Anchor,"Hot Wings",5.02
"Armed Pudding Bar","Devils on Horseback",4.95
"Armed Pudding Bar","Tater Tots",4.52
"Armed Pudding Bar","Mozzarella Sticks",7.42
"Armed Pudding Bar","Onion ring",5.12
"Armed Pudding Bar","Nachos chips",4.07
"Armed Pudding Bar",Popcorn,8.81
"Armed Pudding Bar","Chicken Soup",6.20
"Armed Pudding Bar",Poppers,9.16
"Armed Pudding Bar","Peel-n-eat shrimp",9.51
"Armed Pudding Bar",Pizza,6.44
"Armed Pudding Bar","Deviled Eggs",2.06
"Armed Pudding Bar","Grilled cheese sandwich",9.93
"Assorted Dandelion Bar",Pizza,5.38
"Assorted Dandelion Bar","Mozzarella Sticks",9.16
"Assorted Dandelion Bar",Fries,8.55
"Assorted Dandelion Bar",Popcorn,7.36
"Assorted Dandelion Bar","Fish and chips",6.10
"Assorted Dandelion Bar","Pigs in a Blanket",6.93
"Assorted Dandelion Bar","Soft Pretzel",6.72
"Assorted Dandelion Bar",Chili,9.20
"Assorted Dandelion Bar","Grilled cheese sandwich",9.93
"Atomic Liquors",Fries,7.92
"Atomic Liquors","Mozzarella Sticks",9.16
"Atomic Liquors","Grilled cheese sandwich",9.20
"Atomic Liquors",Quesadilla,9.16
"Atomic Liquors",Sliders,8.05
"Atomic Liquors","Fish and chips",6.10
"Atomic Liquors",Poppers,9.99
"Atomic Liquors",Burger,4.88
"Atomic Liquors","Hot Wings",5.02
"Atomic Liquors","Blooming Onion",9.99
"Atomic Liquors",Pizza,7.94
"Atomic Liquors",Chili,9.20
"Atomic Liquors","Curly Fries",2.89
"Atomic Liquors","Potato skins",9.93
"Awful Salmon Bar","Blooming Onion",8.89
"Awful Salmon Bar","Curly Fries",2.89
"Awful Salmon Bar","Deviled Eggs",3.05
"Awful Salmon Bar","Tater Tots",4.88
"Awful Salmon Bar","Waffle Fries",3.96
"Awful Salmon Bar","Hot Wings",4.39
"Awful Salmon Bar","Peel-n-eat shrimp",7.71
"Awful Salmon Bar","Nachos chips",4.65
"Awful Salmon Bar",Chili,8.52
"Awful Salmon Bar",Fries,5.79
"Awful Salmon Bar","Onion ring",5.85
"Awful Salmon Bar","Potato skins",9.93
"Awful Salmon Bar",Pizza,6.44
"Awful Salmon Bar","Devils on Horseback",6.11
"Best Stick Tavern","Grilled cheese sandwich",9.93
"Best Stick Tavern","Blooming Onion",9.99
"Best Stick Tavern","Peel-n-eat shrimp",7.71
"Best Stick Tavern",Fries,5.79
"Best Stick Tavern","Tater Tots",4.88
"Best Stick Tavern",Popcorn,9.99
"Best Stick Tavern","Fish and chips",4.46
"Best Stick Tavern",Burger,3.31
"Best Stick Tavern","Mozzarella Sticks",8.48
"Best Stick Tavern",Sliders,9.20
"Best Stick Tavern","Potato skins",8.05
"Best Stick Tavern","Deviled Eggs",2.47
"Best Stick Tavern","Buffalo Wings",4.07
"Bloody Lady","Mozzarella Sticks",7.42
"Bloody Lady",Chili,8.52
"Bloody Lady",Pizza,6.44
"Bloody Lady","Onion ring",5.12
"Bloody Lady","Blooming Onion",9.99
"Bloody Lady",Burger,3.96
"Bloody Lady","Fish and chips",6.58
"Bloody Lady","Potato skins",8.05
"Bloody Lady","Peel-n-eat shrimp",6.44
"Blue City","Grilled cheese sandwich",8.05
"Blue City","Soft Pretzel",6.72
"Blue City","Blooming Onion",7.43
"Blue City","Devils on Horseback",5.66
"Blue City",Popcorn,8.81
"Blue City","Pigs in a Blanket",9.49
"Blue City","Potato skins",9.93
"Blue City",Pizza,7.36
"Blue City","Buffalo Wings",4.07
"Blue City",Poppers,9.16
"Brave Olive Pub","Buffalo Wings",4.07
"Brave Olive Pub",Sliders,9.20
"Brave Olive Pub","Soft Pretzel",6.72
"Brave Olive Pub","Curly Fries",4.27
"Brave Olive Pub","Tater Tots",4.88
"Brave Olive Pub","Waffle Fries",5.42
"Brave Olive Pub","Onion ring",6.32
"Brave Olive Pub",Popcorn,8.81
"Brave Olive Pub","Deviled Eggs",3.05
"Brave Olive Pub",Quesadilla,9.99
"Brave Olive Pub","Grilled cheese sandwich",6.72
"Brave Olive Pub",Poppers,9.99
"Brave Olive Pub",Burger,4.52
"Brave Olive Pub","Potato skins",8.05
"Brave Olive Pub",Chili,7.45
"Brave Olive Pub","Blooming Onion",9.99
"Brave Olive Pub","Nachos chips",4.65
"Busy Bachelor Bar",Sliders,9.20
"Busy Bachelor Bar",Pizza,6.44
"Busy Bachelor Bar",Popcorn,9.99
"Busy Bachelor Bar","Curly Fries",2.89
"Busy Bachelor Bar",Burger,4.52
"Busy Bachelor Bar","Soft Pretzel",8.05
"Busy Bachelor Bar","Onion ring",6.32
"Busy Bachelor Bar","Nachos chips",3.40
"Busy Bachelor Bar","Pigs in a Blanket",6.93
"Busy Bachelor Bar","Grilled cheese sandwich",9.93
"Busy Bachelor Bar",Fries,5.79
"Busy Bachelor Bar","Fish and chips",4.46
"Busy Bachelor Bar","Blooming Onion",8.89
"Busy Bachelor Bar","Hot Wings",4.39
"Busy Bachelor Bar","Devils on Horseback",6.11
"Cheap Vampire","Pigs in a Blanket",6.93
"Cheap Vampire",Quesadilla,9.99
"Cheap Vampire","Buffalo Wings",3.56
"Cheap Vampire","Blooming Onion",9.99
"Cheap Vampire","Devils on Horseback",4.13
"Cheap Vampire","Chicken Soup",8.48
"Cheap Vampire",Popcorn,9.99
"Cheap Vampire","Onion ring",6.32
"Cheap Vampire",Chili,6.22
"Cheap Vampire",Sliders,6.72
"Cheap Vampire","Fish and chips",5.34
"Cheap Vampire","Peel-n-eat shrimp",6.44
"Cheap Vampire","Nachos chips",5.02
"Cheap Vampire",Fries,8.55
"Chinese Oak","Nachos chips",4.07
"Chinese Oak","Devils on Horseback",4.13
"Chinese Oak",Fries,8.55
"Chinese Oak","Soft Pretzel",9.93
"Chinese Oak","Onion ring",4.28
"Chinese Oak",Chili,9.20
"Chinese Oak","Deviled Eggs",2.06
"Chinese Oak","Fish and chips",5.34
"Chinese Oak","Buffalo Wings",4.39
"Chinese Oak",Quesadilla,9.99
"Chinese Oak","Peel-n-eat shrimp",8.81
"Chinese Oak","Chicken Soup",9.16
"Chinese Oak","Pigs in a Blanket",8.30
"Chinese Oak","Hot Wings",5.42
"Chinese Oak",Sliders,9.93
"Chinese Oak","Curly Fries",3.46
"Chinese Oak","Blooming Onion",7.43
"Chinese Oak",Burger,3.31
"Chubby Badger Pub","Deviled Eggs",2.82
"Chubby Badger Pub","Tater Tots",3.31
"Chubby Badger Pub","Grilled cheese sandwich",6.72
"Chubby Badger Pub","Waffle Fries",3.96
"Chubby Badger Pub","Pigs in a Blanket",8.30
"Chubby Badger Pub","Fish and chips",6.58
"Chubby Badger Pub",Burger,4.88
"Chubby Badger Pub",Sliders,9.93
"Chubby Badger Pub",Chili,8.52
"Chubby Badger Pub",Quesadilla,9.16
"Chubby Badger Pub",Popcorn,8.81
"Chubby Badger Pub","Devils on Horseback",6.11
"Chubby Badger Pub",Fries,7.92
"Chunky Hawks Tavern","Tater Tots",3.31
"Chunky Hawks Tavern","Soft Pretzel",6.72
"Chunky Hawks Tavern",Fries,7.92
"Chunky Hawks Tavern","Devils on Horseback",5.66
"Chunky Hawks Tavern",Sliders,9.93
"Chunky Hawks Tavern","Deviled Eggs",3.05
"Chunky Hawks Tavern","Curly Fries",4.27
"Chunky Hawks Tavern",Burger,3.96
"Chunky Hawks Tavern","Nachos chips",3.40
"Chunky Hawks Tavern","Mozzarella Sticks",9.16
"Clean Bed Inn","Deviled Eggs",2.47
"Clean Bed Inn","Peel-n-eat shrimp",6.44
"Clean Bed Inn",Pizza,7.36
"Clean Bed Inn",Popcorn,9.99
"Clean Bed Inn","Curly Fries",3.46
"Clean Bed Inn","Waffle Fries",5.42
"Clean Bed Inn",Poppers,9.99
"Clean Bed Inn","Chicken Soup",8.48
"Clean Bed Inn",Fries,6.93
"Clean Bed Inn","Devils on Horseback",5.66
"Clean Bed Inn",Chili,8.52
"Clean Bed Inn","Fish and chips",6.10
"Clever Child",Pizza,7.36
"Clever Child","Nachos chips",4.65
"Clever Child","Onion ring",5.12
"Clever Child","Blooming Onion",7.43
"Clever Child",Burger,3.31
"Clever Child",Chili,7.45
"Clever Child",Popcorn,9.99
"Clever Child","Deviled Eggs",2.06
"Courageous Lyre Bar","Waffle Fries",5.85
"Courageous Lyre Bar",Quesadilla,9.99
"Courageous Lyre Bar",Poppers,9.16
"Courageous Lyre Bar",Chili,9.20
"Courageous Lyre Bar","Blooming Onion",8.89
"Courageous Lyre Bar","Devils on Horseback",6.11
"Courageous Lyre Bar",Pizza,7.94
"Courageous Lyre Bar",Burger,3.96
"Courageous Lyre Bar","Soft Pretzel",8.05
"Courageous Lyre Bar","Fish and chips",5.34
"Courageous Lyre Bar","Nachos chips",4.07
"Courageous Lyre Bar","Tater Tots",3.96
"Courageous Lyre Bar","Deviled Eggs",2.47
"Courageous Lyre Bar","Chicken Soup",6.20
"Courageous Lyre Bar",Popcorn,8.81
"Courageous Lyre Bar","Onion ring",6.32
"Courageous Lyre Bar",Fries,6.93
"Courageous Lyre Bar","Grilled cheese sandwich",6.72
"Courageous Melon","Buffalo Wings",4.39
"Courageous Melon","Onion ring",4.28
"Courageous Melon",Poppers,9.99
"Courageous Melon","Grilled cheese sandwich",6.72
"Courageous Melon","Waffle Fries",5.42
"Courageous Melon","Mozzarella Sticks",6.20
"Courageous Melon",Popcorn,8.81
"Courageous Melon","Curly Fries",2.89
"Courageous Melon","Hot Wings",5.02
"Courageous Melon",Pizza,7.36
"Courageous Melon","Pigs in a Blanket",9.99
"Courageous Melon","Devils on Horseback",4.13
"Courageous Melon","Nachos chips",3.40
"Courageous Melon","Chicken Soup",6.20
"Courageous Melon",Fries,8.55
"Courageous Melon","Deviled Eggs",3.05
"Courageous Melon","Potato skins",9.20
"Courageous Melon",Sliders,9.93
"Crooked Sailor Ale House","Grilled cheese sandwich",6.72
"Crooked Sailor Ale House",Burger,4.88
"Crooked Sailor Ale House",Quesadilla,9.16
"Crooked Sailor Ale House","Fish and chips",5.34
"Crooked Sailor Ale House","Chicken Soup",6.20
"Crooked Sailor Ale House",Chili,9.20
"Crooked Sailor Ale House","Hot Wings",5.02
"Crooked Sailor Ale House","Potato skins",9.20
"Crooked Sailor Ale House","Nachos chips",4.07
"Crooked Sailor Ale House","Onion ring",5.85
"Crooked Sailor Ale House","Blooming Onion",9.99
"Daily Barracuda Inn","Nachos chips",4.07
"Daily Barracuda Inn","Buffalo Wings",2.97
"Daily Barracuda Inn","Waffle Fries",3.96
"Daily Barracuda Inn",Burger,4.88
"Daily Barracuda Inn",Quesadilla,9.99
"Daily Barracuda Inn","Curly Fries",2.89
"Daily Barracuda Inn","Hot Wings",5.42
"Daily Barracuda Inn","Chicken Soup",8.48
"Daily Barracuda Inn","Mozzarella Sticks",7.42
"Daily Barracuda Inn","Grilled cheese sandwich",9.20
"Daily Barracuda Inn",Popcorn,9.99
"Daily Barracuda Inn","Potato skins",9.20
"Daily Barracuda Inn","Devils on Horseback",5.66
"Daily Barracuda Inn",Fries,8.55
"Daily Barracuda Inn","Pigs in a Blanket",9.99
"Daily Barracuda Inn","Deviled Eggs",2.47
"Daily Barracuda Inn","Soft Pretzel",8.05
"Daily Barracuda Inn",Poppers,9.16
"Dandy Cloud Bistro","Nachos chips",4.07
"Dandy Cloud Bistro","Pigs in a Blanket",9.99
"Dandy Cloud Bistro","Chicken Soup",8.48
"Dandy Cloud Bistro",Burger,3.96
"Dandy Cloud Bistro","Devils on Horseback",6.11
"Dandy Cloud Bistro","Mozzarella Sticks",6.20
"Dandy Cloud Bistro","Waffle Fries",5.85
"Dandy Cloud Bistro",Pizza,5.38
"Dandy Cloud Bistro",Chili,6.22
"Dandy Cloud Bistro",Poppers,9.99
"Dandy Cloud Bistro","Grilled cheese sandwich",9.93
"Dandy Cloud Bistro","Deviled Eggs",2.82
"Dandy Cloud Bistro",Fries,7.92
"Dandy Cloud Bistro",Quesadilla,9.99
"Dandy Cloud Bistro","Peel-n-eat shrimp",9.51
"Deep Flute Bar","Chicken Soup",7.42
"Deep Flute Bar","Deviled Eggs",2.06
"Deep Flute Bar",Pizza,5.38
"Deep Flute Bar","Grilled cheese sandwich",9.93
"Deep Flute Bar",Sliders,8.05
"Deep Flute Bar","Fish and chips",4.46
"Deep Flute Bar","Devils on Horseback",4.95
"Deep Flute Bar","Soft Pretzel",8.05
"Deep Flute Bar","Curly Fries",3.46
"Deep Flute Bar",Quesadilla,9.16
"Deep Flute Bar","Blooming Onion",8.89
"Deep Flute Bar",Popcorn,9.99
"Deep Flute Bar","Waffle Fries",5.42
"Deep Flute Bar","Pigs in a Blanket",6.93
"Deep Glass Bar","Curly Fries",3.96
"Deep Glass Bar",Sliders,6.72
"Deep Glass Bar","Blooming Onion",8.89
"Deep Glass Bar",Quesadilla,9.16
"Deep Glass Bar",Chili,9.20
"Deep Glass Bar","Nachos chips",4.07
"Deep Glass Bar","Chicken Soup",6.20
"Deep Glass Bar","Grilled cheese sandwich",9.20
"Deep Glass Bar","Mozzarella Sticks",8.48
"Deep Glass Bar","Fish and chips",6.10
"Deep Glass Bar","Deviled Eggs",3.05
"Deep Lantern","Hot Wings",4.39
"Deep Lantern","Fish and chips",6.10
"Deep Lantern",Poppers,9.16
"Deep Lantern","Tater Tots",4.88
"Deep Lantern","Peel-n-eat shrimp",8.81
"Deep Lantern","Waffle Fries",3.96
"Deep Lantern",Burger,3.31
"Deep Lantern","Pigs in a Blanket",8.30
"Deep Lantern","Grilled cheese sandwich",8.05
"Diamond Turtle Inn","Grilled cheese sandwich",8.05
"Diamond Turtle Inn","Curly Fries",4.27
"Diamond Turtle Inn","Fish and chips",6.10
"Diamond Turtle Inn",Burger,4.52
"Diamond Turtle Inn","Onion ring",5.85
"Diamond Turtle Inn","Mozzarella Sticks",6.20
"Diamond Turtle Inn","Nachos chips",4.65
"Diamond Turtle Inn",Fries,7.92
"Diamond Turtle Inn",Sliders,8.05
"Diamond Turtle Inn","Waffle Fries",5.42
"Diamond Turtle Inn","Deviled Eggs",2.06
"Diamond Turtle Inn",Chili,6.22
"Diamond Turtle Inn","Pigs in a Blanket",9.49
"Diamond Turtle Inn","Chicken Soup",9.16
"Different Kumquat Pub",Quesadilla,9.99
"Different Kumquat Pub",Sliders,8.05
"Different Kumquat Pub","Deviled Eggs",2.82
"Different Kumquat Pub","Buffalo Wings",4.39
"Different Kumquat Pub","Chicken Soup",9.16
"Different Kumquat Pub",Pizza,5.38
"Different Kumquat Pub","Mozzarella Sticks",7.42
"Different Kumquat Pub","Waffle Fries",5.42
"Different Kumquat Pub",Chili,6.22
"Different Kumquat Pub","Fish and chips",4.46
"Different Kumquat Pub","Blooming Onion",9.99
"Different Kumquat Pub",Burger,3.96
"Different Kumquat Pub","Tater Tots",4.88
"Different Kumquat Pub","Grilled cheese sandwich",6.72
"Different Kumquat Pub",Fries,6.93
"Different Kumquat Pub","Hot Wings",3.67
"Different Kumquat Pub","Soft Pretzel",8.05
"Discreet Elderberry Pub","Devils on Horseback",6.11
"Discreet Elderberry Pub","Grilled cheese sandwich",9.93
"Discreet Elderberry Pub",Pizza,6.44
"Discreet Elderberry Pub","Soft Pretzel",9.20
"Discreet Elderberry Pub","Onion ring",5.12
"Discreet Elderberry Pub",Burger,3.96
"Discreet Elderberry Pub","Fish and chips",6.10
"Discreet Elderberry Pub","Chicken Soup",6.20
"Discreet Elderberry Pub","Buffalo Wings",2.97
"Discreet Elderberry Pub","Nachos chips",4.65
"Dizzy Lemon Lounge","Buffalo Wings",4.39
"Dizzy Lemon Lounge","Curly Fries",3.96
"Dizzy Lemon Lounge",Quesadilla,9.99
"Dizzy Lemon Lounge","Waffle Fries",5.85
"Dizzy Lemon Lounge","Pigs in a Blanket",9.49
"Dizzy Lemon Lounge","Tater Tots",3.96
"Dizzy Lemon Lounge",Sliders,9.93
"Dizzy Lemon Lounge","Chicken Soup",9.16
"Dizzy Lemon Lounge","Hot Wings",5.02
"Dizzy Lemon Lounge","Mozzarella Sticks",6.20
"Dizzy Lemon Lounge","Blooming Onion",9.99
"Dizzy Lemon Lounge","Soft Pretzel",9.20
"Dizzy Lemon Lounge","Devils on Horseback",5.66
"Dizzy Lemon Lounge","Nachos chips",3.40
"Dizzy Lemon Lounge",Popcorn,9.99
"Dizzy Lemon Lounge",Poppers,9.16
"Dizzy Lemon Lounge",Chili,7.45
"Dizzy Lemon Lounge","Onion ring",5.12
"Double Swan Tavern","Fish and chips",5.34
"Double Swan Tavern",Popcorn,9.99
"Double Swan Tavern","Onion ring",4.28
"Double Swan Tavern",Poppers,9.99
"Double Swan Tavern","Tater Tots",3.96
"Double Swan Tavern","Buffalo Wings",4.39
"Double Swan Tavern","Blooming Onion",7.43
"Double Swan Tavern","Waffle Fries",5.85
"Double Swan Tavern","Hot Wings",5.42
"Double Swan Tavern","Curly Fries",3.46
"Double Swan Tavern","Pigs in a Blanket",6.93
"Drab Parrots Pub",Quesadilla,9.16
"Drab Parrots Pub","Potato skins",8.05
"Drab Parrots Pub","Peel-n-eat shrimp",7.71
"Drab Parrots Pub","Chicken Soup",8.48
"Drab Parrots Pub",Sliders,9.93
"Drab Parrots Pub",Popcorn,7.36
"Drab Parrots Pub","Mozzarella Sticks",6.20
"Drab Parrots Pub","Onion ring",5.85
"Drab Parrots Pub","Devils on Horseback",4.13
"Drab Parrots Pub","Blooming Onion",7.43
"Drab Parrots Pub","Hot Wings",4.39
"Drab Parrots Pub","Curly Fries",3.96
"Drab Parrots Pub",Pizza,6.44
"Drab Parrots Pub",Chili,7.45
"Drab Parrots Pub","Nachos chips",4.07
"Drab Parrots Pub","Fish and chips",6.10
"Drab Parrots Pub","Tater Tots",3.96
"Drab Parrots Pub","Deviled Eggs",2.82
"Dramatic Crabs","Onion ring",5.12
"Dramatic Crabs","Potato skins",6.72
"Dramatic Crabs","Buffalo Wings",3.56
"Dramatic Crabs","Grilled cheese sandwich",8.05
"Dramatic Crabs","Deviled Eggs",2.06
"Dramatic Crabs","Tater Tots",4.52
"Dramatic Crabs","Soft Pretzel",9.20
"Dramatic Crabs",Pizza,5.38
"Dramatic Crabs","Chicken Soup",6.20
"Dramatic Crabs",Fries,5.79
"Dramatic Crabs",Quesadilla,9.99
"Dramatic Crabs","Devils on Horseback",5.66
"Dramatic Crabs","Blooming Onion",9.99
"Dramatic Crabs",Sliders,8.05
"Dramatic Crabs","Mozzarella Sticks",9.16
"Dramatic Crabs",Burger,3.31
"Earthy Bird Pub","Buffalo Wings",3.56
"Earthy Bird Pub",Quesadilla,9.99
"Earthy Bird Pub",Fries,8.55
"Earthy Bird Pub","Devils on Horseback",6.11
"Earthy Bird Pub",Pizza,6.44
"Earthy Bird Pub","Blooming Onion",9.99
"Earthy Bird Pub","Fish and chips",6.58
"Earthy Bird Pub",Sliders,9.93
"Earthy Bird Pub","Hot Wings",5.02
"Earthy Bird Pub","Nachos chips",4.65
"Earthy Bird Pub","Mozzarella Sticks",6.20
"Earthy Bird Pub","Pigs in a Blanket",9.99
"Earthy Bird Pub","Curly Fries",4.27
"Earthy Bird Pub","Grilled cheese sandwich",6.72
"Earthy Bird Pub","Chicken Soup",9.16
"Earthy Bird Pub",Chili,6.22
"Earthy Bird Pub","Waffle Fries",5.42
"Earthy Bird Pub",Popcorn,9.99
"Empty Snapdragon Pub","Fish and chips",6.58
"Empty Snapdragon Pub","Chicken Soup",9.16
"Empty Snapdragon Pub","Tater Tots",3.96
"Empty Snapdragon Pub",Pizza,5.38
"Empty Snapdragon Pub",Fries,5.79
"Empty Snapdragon Pub","Devils on Horseback",6.11
"Empty Snapdragon Pub","Potato skins",9.93
"Empty Snapdragon Pub",Chili,8.52
"Familiar Pony Tavern",Fries,6.93
"Familiar Pony Tavern","Peel-n-eat shrimp",8.81
"Familiar Pony Tavern","Devils on Horseback",5.66
"Familiar Pony Tavern",Burger,3.96
"Familiar Pony Tavern","Chicken Soup",8.48
"Familiar Pony Tavern",Popcorn,9.99
"Familiar Pony Tavern","Buffalo Wings",2.97
"Familiar Pony Tavern","Grilled cheese sandwich",8.05
"Familiar Pony Tavern","Curly Fries",3.96
"Familiar Pony Tavern","Pigs in a Blanket",6.93
"Familiar Pony Tavern","Fish and chips",5.34
"Familiar Pony Tavern","Potato skins",9.20
"Familiar Pony Tavern","Mozzarella Sticks",6.20
"Familiar Pony Tavern","Hot Wings",5.42
"Familiar Pony Tavern","Nachos chips",4.07
"Familiar Pony Tavern",Quesadilla,9.99
"Familiar Pony Tavern","Blooming Onion",9.99
"Familiar Pony Tavern","Waffle Fries",4.74
"Famous Tiger Pub",Fries,8.55
"Famous Tiger Pub",Pizza,5.38
"Famous Tiger Pub",Burger,4.88
"Famous Tiger Pub",Quesadilla,9.16
"Famous Tiger Pub","Onion ring",6.32
"Famous Tiger Pub",Sliders,8.05
"Famous Tiger Pub","Peel-n-eat shrimp",6.44
"Famous Tiger Pub","Devils on Horseback",4.13
"Famous Tiger Pub","Nachos chips",4.65
"Famous Tiger Pub","Waffle Fries",5.42
"Famous Tiger Pub","Potato skins",9.93
"Famous Tiger Pub","Grilled cheese sandwich",9.20
"Famous Tiger Pub","Deviled Eggs",2.82
"Famous Tiger Pub","Tater Tots",4.52
"Famous Tiger Pub","Blooming Onion",9.99
"Famous Tiger Pub","Fish and chips",6.58
"Famous Tiger Pub",Chili,8.52
"Famous Tiger Pub",Poppers,9.99
"Fascinated Chick Pub",Pizza,6.44
"Fascinated Chick Pub","Fish and chips",6.10
"Fascinated Chick Pub","Grilled cheese sandwich",9.20
"Fascinated Chick Pub","Soft Pretzel",6.72
"Fascinated Chick Pub","Buffalo Wings",4.07
"Fascinated Chick Pub","Chicken Soup",6.20
"Fascinated Chick Pub","Mozzarella Sticks",6.20
"Fascinated Chick Pub",Poppers,9.99
"Fascinated Chick Pub","Devils on Horseback",4.95
"Fascinated Chick Pub",Sliders,8.05
"Fascinated Chick Pub",Fries,7.92
"Fascinated Demon Pub",Poppers,9.99
"Fascinated Demon Pub","Tater Tots",4.88
"Fascinated Demon Pub","Grilled cheese sandwich",6.72
"Fascinated Demon Pub","Hot Wings",4.39
"Fascinated Demon Pub","Blooming Onion",8.89
"Fascinated Demon Pub","Waffle Fries",3.96
"Fascinated Demon Pub","Peel-n-eat shrimp",6.44
"Fascinated Demon Pub","Curly Fries",2.89
"Fascinated Demon Pub","Buffalo Wings",3.56
"Fascinated Demon Pub",Popcorn,9.99
"Fascinated Demon Pub",Pizza,5.38
"Fascinated Demon Pub","Mozzarella Sticks",9.16
"Fascinated Demon Pub","Nachos chips",4.65
"Fascinated Demon Pub","Soft Pretzel",6.72
"Fascinated Demon Pub","Deviled Eggs",2.06
"Fascinated Demon Pub","Fish and chips",6.10
"Fascinated Demon Pub",Burger,4.88
"Fascinated Demon Pub","Devils on Horseback",4.95
"Fearless Drum Bar","Blooming Onion",8.89
"Fearless Drum Bar","Devils on Horseback",5.66
"Fearless Drum Bar","Grilled cheese sandwich",8.05
"Fearless Drum Bar","Pigs in a Blanket",6.93
"Fearless Drum Bar",Popcorn,9.99
"Fearless Drum Bar","Deviled Eggs",3.05
"Fearless Drum Bar","Nachos chips",4.65
"Fearless Drum Bar","Mozzarella Sticks",7.42
"Fluffy Husband",Burger,3.31
"Fluffy Husband",Pizza,6.44
"Fluffy Husband","Potato skins",8.05
"Fluffy Husband",Popcorn,9.99
"Fluffy Husband","Deviled Eggs",2.47
"Fluffy Husband","Curly Fries",3.46
"Fluffy Husband","Buffalo Wings",2.97
"Fluffy Husband","Nachos chips",3.40
"Fluffy Husband","Devils on Horseback",6.11
"Fluffy Husband",Fries,8.55
"Fluffy Husband",Sliders,8.05
"Fluffy Husband","Onion ring",4.28
"Fluffy Husband","Blooming Onion",7.43
"Foamy Cave","Grilled cheese sandwich",9.20
"Foamy Cave",Chili,9.20
"Foamy Cave","Onion ring",5.12
"Foamy Cave",Poppers,9.99
"Foamy Cave",Fries,5.79
"Foamy Cave","Deviled Eggs",2.06
"Foamy Cave","Fish and chips",4.46
"Foamy Cave","Curly Fries",3.46
"Foamy Cave","Devils on Horseback",4.95
"Foamy Cave",Quesadilla,9.99
"Full Guitar","Soft Pretzel",8.05
"Full Guitar",Quesadilla,9.99
"Full Guitar","Mozzarella Sticks",9.16
"Full Guitar","Nachos chips",4.07
"Full Guitar",Burger,4.88
"Full Guitar","Potato skins",9.20
"Full Guitar","Hot Wings",5.42
"Full Guitar","Devils on Horseback",5.66
"Gifted Pillow Inn","Deviled Eggs",2.47
"Gifted Pillow Inn","Peel-n-eat shrimp",8.81
"Gifted Pillow Inn","Onion ring",4.28
"Gifted Pillow Inn","Chicken Soup",9.16
"Gifted Pillow Inn","Fish and chips",6.58
"Gifted Pillow Inn","Blooming Onion",9.99
"Gifted Pillow Inn","Potato skins",6.72
"Gifted Pillow Inn","Nachos chips",3.40
"Gifted Pillow Inn",Quesadilla,9.99
"Gifted Pillow Inn","Curly Fries",4.27
"Gifted Pillow Inn","Tater Tots",4.88
"Gifted Pillow Inn",Popcorn,8.81
"Gifted Zebra Tavern","Blooming Onion",9.99
"Gifted Zebra Tavern","Nachos chips",4.65
"Gifted Zebra Tavern","Pigs in a Blanket",6.93
"Gifted Zebra Tavern","Tater Tots",4.52
"Gifted Zebra Tavern","Peel-n-eat shrimp",7.71
"Gifted Zebra Tavern","Waffle Fries",5.42
"Gifted Zebra Tavern","Potato skins",8.05
"Gifted Zebra Tavern",Quesadilla,9.99
"Gifted Zebra Tavern","Onion ring",5.85
"Gifted Zebra Tavern","Fish and chips",6.58
"Gifted Zebra Tavern",Poppers,9.99
"Gifted Zebra Tavern",Burger,4.52
"Gifted Zebra Tavern","Grilled cheese sandwich",8.05
"Gifted Zebra Tavern","Mozzarella Sticks",8.48
"Gray City","Waffle Fries",3.96
"Gray City",Poppers,9.99
"Gray City",Burger,4.52
"Gray City","Pigs in a Blanket",9.99
"Gray City","Devils on Horseback",4.95
"Gray City",Pizza,7.94
"Gray City",Fries,7.92
"Gray City","Mozzarella Sticks",6.20
"Gray City","Grilled cheese sandwich",6.72
"Gray City","Hot Wings",5.42
"Gray City","Blooming Onion",9.99
"Gray City","Peel-n-eat shrimp",7.71
"Gray City",Popcorn,7.36
"Gypsy Root Roadhouse",Poppers,9.16
"Gypsy Root Roadhouse","Curly Fries",3.96
"Gypsy Root Roadhouse","Tater Tots",3.96
"Gypsy Root Roadhouse",Quesadilla,9.99
"Gypsy Root Roadhouse","Waffle Fries",4.74
"Gypsy Root Roadhouse",Popcorn,8.81
"Gypsy Root Roadhouse","Onion ring",4.28
"Gypsy Root Roadhouse","Grilled cheese sandwich",6.72
"Harsh Flame Tavern","Tater Tots",4.52
"Harsh Flame Tavern","Hot Wings",4.39
"Harsh Flame Tavern","Fish and chips",6.58
"Harsh Flame Tavern",Burger,3.31
"Harsh Flame Tavern","Nachos chips",4.07
"Harsh Flame Tavern","Mozzarella Sticks",9.16
"Harsh Flame Tavern",Pizza,7.94
"Harsh Flame Tavern",Sliders,9.93
"Harsh Flame Tavern","Pigs in a Blanket",9.49
"Harsh Flame Tavern",Chili,7.45
"Harsh Flame Tavern",Quesadilla,9.99
"Harsh Flame Tavern","Chicken Soup",9.16
"Harsh Flame Tavern","Peel-n-eat shrimp",6.44
"Harsh Flame Tavern",Poppers,9.16
"Harsh Flame Tavern",Popcorn,9.99
"Harsh Flame Tavern","Curly Fries",3.46
"Harsh Flame Tavern","Grilled cheese sandwich",6.72
"Harsh Flame Tavern","Blooming Onion",8.89
"Hidden Lady Parlor","Curly Fries",3.96
"Hidden Lady Parlor","Fish and chips",6.58
"Hidden Lady Parlor","Hot Wings",5.02
"Hidden Lady Parlor","Mozzarella Sticks",9.16
"Hidden Lady Parlor","Chicken Soup",8.48
"Hidden Lady Parlor","Nachos chips",4.07
"Hidden Lady Parlor","Grilled cheese sandwich",6.72
"Hidden Lady Parlor","Pigs in a Blanket",6.93
"Hidden Lady Parlor",Chili,8.52
"Hidden Lady Parlor","Blooming Onion",9.99
"Hidden Lady Parlor",Popcorn,9.99
"Hidden Lady Parlor",Poppers,9.99
"Hidden Table Brewpub",Burger,3.96
"Hidden Table Brewpub","Mozzarella Sticks",6.20
"Hidden Table Brewpub","Chicken Soup",7.42
"Hidden Table Brewpub",Sliders,8.05
"Hidden Table Brewpub","Hot Wings",3.67
"Hidden Table Brewpub","Fish and chips",5.34
"Hidden Table Brewpub",Quesadilla,9.16
"Hidden Table Brewpub","Potato skins",8.05
"Hidden Table Brewpub",Fries,5.79
"Hidden Table Brewpub",Poppers,9.16
"Hidden Table Brewpub","Grilled cheese sandwich",9.20
"Hidden Table Brewpub","Pigs in a Blanket",9.99
"Hissing Ocean Bar","Tater Tots",4.52
"Hissing Ocean Bar","Soft Pretzel",9.93
"Hissing Ocean Bar","Blooming Onion",7.43
"Hissing Ocean Bar","Curly Fries",4.27
"Hissing Ocean Bar","Buffalo Wings",4.07
"Hissing Ocean Bar","Fish and chips",6.10
"Hissing Ocean Bar",Popcorn,9.99
"Hissing Ocean Bar",Burger,3.31
"Hissing Ocean Bar","Pigs in a Blanket",9.49
"Hissing Ocean Bar",Poppers,9.16
"Hissing Ocean Bar",Sliders,6.72
"Hissing Ocean Bar",Quesadilla,9.16
"Hissing Ocean Bar",Chili,8.52
"Hissing Ocean Bar","Grilled cheese sandwich",8.05
"Hissing Ocean Bar","Mozzarella Sticks",6.20
"Hoppy Apple Brewhouse","Buffalo Wings",4.07
"Hoppy Apple Brewhouse",Pizza,7.94
"Hoppy Apple Brewhouse","Curly Fries",4.27
"Hoppy Apple Brewhouse",Burger,3.96
"Hoppy Apple Brewhouse",Quesadilla,9.99
"Hoppy Apple Brewhouse","Nachos chips",4.65
"Hoppy Apple Brewhouse","Blooming Onion",9.99
"Hoppy Apple Brewhouse","Pigs in a Blanket",6.93
"Hot Cup Inn","Potato skins",6.72
"Hot Cup Inn","Peel-n-eat shrimp",6.44
"Hot Cup Inn","Nachos chips",4.65
"Hot Cup Inn","Onion ring",5.12
"Hot Cup Inn","Curly Fries",4.27
"Hot Cup Inn","Fish and chips",5.34
"Hot Cup Inn",Chili,8.52
"Hot Cup Inn","Hot Wings",5.02
"Hot Cup Inn",Sliders,8.05
"Hot Cup Inn","Chicken Soup",8.48
"Hot Cup Inn","Buffalo Wings",3.56
"Hot Cup Inn",Quesadilla,9.99
"Hot Cup Inn","Blooming Onion",7.43
"Hot Cup Inn","Waffle Fries",5.85
"Hot Cup Inn",Poppers,9.16
"Hungry Skunks Bar","Waffle Fries",5.42
"Hungry Skunks Bar","Deviled Eggs",2.82
"Hungry Skunks Bar","Grilled cheese sandwich",6.72
"Hungry Skunks Bar","Hot Wings",4.39
"Hungry Skunks Bar","Nachos chips",5.02
"Hungry Skunks Bar",Pizza,7.94
"Hungry Skunks Bar","Blooming Onion",9.99
"Hungry Skunks Bar",Chili,7.45
"Hungry Skunks Bar","Soft Pretzel",9.93
"Hungry Skunks Bar",Burger,4.52
"Hungry Skunks Bar","Buffalo Wings",3.56
"Hungry Skunks Bar","Potato skins",9.93
"Hungry Skunks Bar","Chicken Soup",6.20
"Hungry Skunks Bar",Fries,6.93
"Hungry Turtle Pub","Waffle Fries",3.96
"Hungry Turtle Pub","Deviled Eggs",2.82
"Hungry Turtle Pub","Hot Wings",3.67
"Hungry Turtle Pub","Grilled cheese sandwich",9.20
"Hungry Turtle Pub","Peel-n-eat shrimp",8.81
"Hungry Turtle Pub",Quesadilla,9.99
"Hungry Turtle Pub","Curly Fries",4.27
"Hungry Turtle Pub",Sliders,6.72
"Hungry Turtle Pub","Nachos chips",4.07
"Hungry Turtle Pub","Devils on Horseback",6.11
"Hungry Turtle Pub","Onion ring",6.32
"Hungry Turtle Pub","Blooming Onion",7.43
"Hungry Turtle Pub","Tater Tots",4.52
"Hungry Turtle Pub","Mozzarella Sticks",9.16
"Hungry Turtle Pub","Soft Pretzel",9.93
"Hungry Turtle Pub",Popcorn,8.81
"Hungry Turtle Pub",Pizza,7.94
"Hungry Vanilla Bean Tavern","Potato skins",9.20
"Hungry Vanilla Bean Tavern","Onion ring",6.32
"Hungry Vanilla Bean Tavern","Waffle Fries",5.42
"Hungry Vanilla Bean Tavern","Buffalo Wings",4.39
"Hungry Vanilla Bean Tavern","Curly Fries",4.27
"Hungry Vanilla Bean Tavern",Popcorn,8.81
"Hungry Vanilla Bean Tavern","Blooming Onion",9.99
"Hungry Vanilla Bean Tavern","Deviled Eggs",3.05
"Hungry Vanilla Bean Tavern",Sliders,8.05
"Hungry Vanilla Bean Tavern","Fish and chips",5.34
"Hungry Vanilla Bean Tavern","Pigs in a Blanket",9.49
"Hypnotic Gate Tavern",Quesadilla,9.16
"Hypnotic Gate Tavern","Fish and chips",6.10
"Hypnotic Gate Tavern","Curly Fries",2.89
"Hypnotic Gate Tavern",Poppers,9.99
"Hypnotic Gate Tavern",Chili,8.52
"Hypnotic Gate Tavern","Nachos chips",5.02
"Hypnotic Gate Tavern",Fries,6.93
"Hypnotic Gate Tavern",Burger,4.88
"Hypnotic Gate Tavern","Chicken Soup",6.20
"Hypnotic Gate Tavern",Pizza,7.94
"Icky Elephants Tavern","Devils on Horseback",4.95
"Icky Elephants Tavern","Hot Wings",4.39
"Icky Elephants Tavern","Grilled cheese sandwich",8.05
"Icky Elephants Tavern",Chili,7.45
"Icky Elephants Tavern","Fish and chips",6.10
"Icky Elephants Tavern","Tater Tots",3.31
"Icky Elephants Tavern","Blooming Onion",9.99
"Icky Elephants Tavern",Sliders,6.72
"Icky Elephants Tavern","Chicken Soup",6.20
"Icky Elephants Tavern","Mozzarella Sticks",6.20
"Icky Elephants Tavern",Poppers,9.16
"Icky Elephants Tavern",Fries,6.93
"Icky Elephants Tavern","Buffalo Wings",4.39
"Icky Elephants Tavern","Waffle Fries",4.74
"Icky Elephants Tavern",Burger,3.96
"Icky Elephants Tavern","Peel-n-eat shrimp",9.51
"Icky Elephants Tavern","Onion ring",5.85
"Impossible Fire","Mozzarella Sticks",9.16
"Impossible Fire",Chili,6.22
"Impossible Fire","Nachos chips",4.65
"Impossible Fire","Hot Wings",5.02
"Impossible Fire","Devils on Horseback",6.11
"Impossible Fire",Popcorn,9.99
"Impossible Fire","Fish and chips",5.34
"Impossible Fire","Potato skins",6.72
"Impossible Fire","Chicken Soup",6.20
"Impossible Fire",Pizza,7.36
"Impossible Fire","Curly Fries",4.27
"Impossible Fire","Deviled Eggs",2.06
"Impossible Fire","Grilled cheese sandwich",9.93
"Incredible Sailboat Pub","Mozzarella Sticks",9.16
"Incredible Sailboat Pub","Devils on Horseback",4.13
"Incredible Sailboat Pub","Onion ring",5.12
"Incredible Sailboat Pub",Fries,6.93
"Incredible Sailboat Pub",Sliders,9.20
"Incredible Sailboat Pub","Soft Pretzel",8.05
"Incredible Sailboat Pub",Chili,8.52
"Incredible Sailboat Pub","Pigs in a Blanket",6.93
"Incredible Sailboat Pub","Curly Fries",3.46
"Incredible Sailboat Pub","Deviled Eggs",2.47
"Incredible Sailboat Pub","Blooming Onion",7.43
"Incredible Sailboat Pub",Popcorn,9.99
"Incredible Sailboat Pub",Poppers,9.99
"Incredible Sailboat Pub","Peel-n-eat shrimp",7.71
"Incredible Sailboat Pub","Grilled cheese sandwich",9.20
"Incredible Sailboat Pub","Nachos chips",3.40
"Incredible Sailboat Pub","Waffle Fries",5.85
"Interesting Trumpet Inn","Deviled Eggs",2.47
"Interesting Trumpet Inn","Tater Tots",4.88
"Interesting Trumpet Inn","Mozzarella Sticks",6.20
"Interesting Trumpet Inn","Pigs in a Blanket",6.93
"Interesting Trumpet Inn","Nachos chips",4.65
"Interesting Trumpet Inn","Chicken Soup",9.16
"Interesting Trumpet Inn",Chili,6.22
"Interesting Trumpet Inn",Sliders,6.72
"Interesting Trumpet Inn","Buffalo Wings",4.39
"Interesting Trumpet Inn",Quesadilla,9.16
"Interesting Trumpet Inn","Potato skins",8.05
"Iron Library Tavern","Nachos chips",4.07
"Iron Library Tavern","Mozzarella Sticks",9.16
"Iron Library Tavern","Peel-n-eat shrimp",9.51
"Iron Library Tavern",Fries,7.92
"Iron Library Tavern","Fish and chips",4.46
"Iron Library Tavern",Chili,8.52
"Iron Library Tavern","Hot Wings",3.67
"Iron Library Tavern","Potato skins",9.20
"Iron Library Tavern",Popcorn,9.99
"Iron Library Tavern","Tater Tots",3.96
"Iron Library Tavern",Poppers,9.99
"Iron Library Tavern","Devils on Horseback",6.11
"Iron Library Tavern",Quesadilla,9.99
"Iron Library Tavern","Grilled cheese sandwich",6.72
"Iron Tigress Inn","Grilled cheese sandwich",9.93
"Iron Tigress Inn",Pizza,5.38
"Iron Tigress Inn","Curly Fries",3.46
"Iron Tigress Inn","Buffalo Wings",4.07
"Iron Tigress Inn","Soft Pretzel",6.72
"Iron Tigress Inn","Blooming Onion",9.99
"Iron Tigress Inn","Pigs in a Blanket",9.49
"Iron Tigress Inn","Onion ring",6.32
"Iron Tigress Inn","Mozzarella Sticks",7.42
"Iron Tigress Inn","Hot Wings",3.67
"Iron Tigress Inn",Fries,6.93
"Iron Tigress Inn","Chicken Soup",6.20
"Iron Tigress Inn","Fish and chips",5.34
"Iron Tigress Inn",Poppers,9.16
"Iron Turkey","Hot Wings",5.02
"Iron Turkey","Chicken Soup",7.42
"Iron Turkey",Popcorn,9.99
"Iron Turkey","Peel-n-eat shrimp",7.71
"Iron Turkey","Grilled cheese sandwich",8.05
"Iron Turkey","Potato skins",6.72
"Iron Turkey",Burger,3.31
"Iron Turkey",Fries,7.92
"Iron Turkey","Curly Fries",4.27
"Iron Turkey",Poppers,9.99
"Iron Turkey","Waffle Fries",5.85
"Iron Turkey","Buffalo Wings",4.07
"Itchy Cheetah Bar","Chicken Soup",7.42
"Itchy Cheetah Bar",Chili,7.45
"Itchy Cheetah Bar",Fries,5.79
"Itchy Cheetah Bar","Soft Pretzel",8.05
"Itchy Cheetah Bar","Buffalo Wings",4.39
"Itchy Cheetah Bar",Sliders,8.05
"Itchy Cheetah Bar","Fish and chips",5.34
"Itchy Cheetah Bar","Waffle Fries",3.96
"Itchy Cheetah Bar","Mozzarella Sticks",6.20
"Itchy Cheetah Bar","Devils on Horseback",4.95
"Itchy Cheetah Bar",Poppers,9.16
"Itchy Cheetah Bar","Curly Fries",2.89
"Ivory Lamb Pub","Chicken Soup",8.48
"Ivory Lamb Pub",Poppers,9.99
"Ivory Lamb Pub","Mozzarella Sticks",8.48
"Ivory Lamb Pub",Burger,4.88
"Ivory Lamb Pub","Deviled Eggs",2.82
"Ivory Lamb Pub",Chili,6.22
"Ivory Lamb Pub","Fish and chips",6.10
"Ivory Lamb Pub","Curly Fries",4.27
"Ivory Lamb Pub","Onion ring",4.28
"Ivory Lamb Pub",Sliders,9.20
"Ivory Lamb Pub","Potato skins",8.05
"Ivory Lamb Pub","Hot Wings",3.67
"Ivory Lamb Pub","Grilled cheese sandwich",9.20
"Ivory Lamb Pub",Popcorn,8.81
"Jaded Pants Pub","Devils on Horseback",4.95
"Jaded Pants Pub","Fish and chips",4.46
"Jaded Pants Pub",Fries,7.92
"Jaded Pants Pub",Poppers,9.99
"Jaded Pants Pub",Popcorn,7.36
"Jaded Pants Pub","Buffalo Wings",3.56
"Jaded Pants Pub","Soft Pretzel",9.93
"Jaded Pants Pub","Onion ring",5.85
"Jaded Pants Pub","Potato skins",9.20
"Jaded Pants Pub","Peel-n-eat shrimp",9.51
"Jaded Pants Pub","Pigs in a Blanket",9.49
"Jaded Pants Pub","Waffle Fries",5.42
"Jaded Pants Pub","Blooming Onion",7.43
"Jaded Pants Pub","Tater Tots",4.88
"Jealous Fiddle Pub","Devils on Horseback",5.66
"Jealous Fiddle Pub",Pizza,7.36
"Jealous Fiddle Pub",Sliders,8.05
"Jealous Fiddle Pub",Quesadilla,9.99
"Jealous Fiddle Pub","Hot Wings",5.42
"Jealous Fiddle Pub",Fries,7.92
"Jealous Fiddle Pub",Chili,8.52
"Jealous Fiddle Pub","Tater Tots",4.52
"Jealous Fiddle Pub","Fish and chips",6.58
"Keen Snail Bar","Blooming Onion",9.99
"Keen Snail Bar","Tater Tots",4.88
"Keen Snail Bar","Nachos chips",4.07
"Keen Snail Bar",Popcorn,7.36
"Keen Snail Bar","Soft Pretzel",6.72
"Keen Snail Bar",Chili,7.45
"Keen Snail Bar",Burger,3.31
"Keen Snail Bar","Hot Wings",4.39
"Keen Snail Bar","Pigs in a Blanket",8.30
"Keen Snail Bar","Potato skins",9.20
"Keen Snail Bar","Onion ring",5.85
"Keen Snail Bar","Buffalo Wings",2.97
"Latino Magpie","Peel-n-eat shrimp",8.81
"Latino Magpie","Devils on Horseback",5.66
"Latino Magpie","Curly Fries",3.46
"Latino Magpie",Chili,6.22
"Latino Magpie","Fish and chips",6.10
"Latino Magpie","Tater Tots",3.96
"Latino Magpie",Pizza,5.38
"Latino Magpie",Sliders,9.93
"Latino Magpie","Pigs in a Blanket",9.49
"Latino Magpie",Quesadilla,9.99
"Latino Magpie","Soft Pretzel",8.05
"Latino Magpie","Waffle Fries",4.74
"Latino Magpie","Mozzarella Sticks",9.16
"Latino Magpie","Deviled Eggs",3.05
"Laughing Elephant Tavern",Fries,8.55
"Laughing Elephant Tavern","Potato skins",6.72
"Laughing Elephant Tavern","Blooming Onion",7.43
"Laughing Elephant Tavern","Chicken Soup",9.16
"Laughing Elephant Tavern",Quesadilla,9.99
"Laughing Elephant Tavern","Tater Tots",4.88
"Laughing Elephant Tavern","Buffalo Wings",2.97
"Laughing Elephant Tavern","Devils on Horseback",4.95
"Laughing Elephant Tavern","Waffle Fries",5.42
"Laughing Elephant Tavern","Onion ring",4.28
"Laughing Elephant Tavern","Mozzarella Sticks",6.20
"Laughing Elephant Tavern","Grilled cheese sandwich",6.72
"Laughing Elephant Tavern",Sliders,9.20
"Laughing Elephant Tavern",Chili,8.52
"Laughing Elephant Tavern","Peel-n-eat shrimp",7.71
"Little Elixir Club",Chili,8.52
"Little Elixir Club","Blooming Onion",7.43
"Little Elixir Club","Chicken Soup",8.48
"Little Elixir Club","Deviled Eggs",3.05
"Little Elixir Club","Peel-n-eat shrimp",6.44
"Little Elixir Club","Pigs in a Blanket",8.30
"Little Elixir Club","Nachos chips",3.40
"Little Elixir Club","Buffalo Wings",4.39
"Lively Elf",Sliders,9.93
"Lively Elf","Chicken Soup",9.16
"Lively Elf","Blooming Onion",9.99
"Lively Elf",Fries,5.79
"Lively Elf","Tater Tots",4.52
"Lively Elf","Soft Pretzel",6.72
"Lively Elf",Quesadilla,9.16
"Lively Elf","Onion ring",5.12
"Lively Elf","Grilled cheese sandwich",9.93
"Lonely Snowdrop","Blooming Onion",8.89
"Lonely Snowdrop","Onion ring",5.12
"Lonely Snowdrop","Chicken Soup",9.16
"Lonely Snowdrop","Fish and chips",6.10
"Lonely Snowdrop","Curly Fries",2.89
"Lonely Snowdrop","Mozzarella Sticks",6.20
"Lonely Snowdrop",Sliders,8.05
"Lonely Snowdrop",Chili,8.52
"Loud Elderberry Bar","Blooming Onion",7.43
"Loud Elderberry Bar","Devils on Horseback",4.95
"Loud Elderberry Bar","Peel-n-eat shrimp",8.81
"Loud Elderberry Bar","Soft Pretzel",6.72
"Loud Elderberry Bar","Pigs in a Blanket",9.99
"Loud Elderberry Bar","Waffle Fries",5.42
"Loud Elderberry Bar","Deviled Eggs",2.47
"Loud Elderberry Bar",Poppers,9.99
"Lying Explorer Tavern","Chicken Soup",6.20
"Lying Explorer Tavern",Fries,5.79
"Lying Explorer Tavern","Onion ring",5.12
"Lying Explorer Tavern","Nachos chips",5.02
"Lying Explorer Tavern","Mozzarella Sticks",8.48
"Lying Explorer Tavern","Grilled cheese sandwich",6.72
"Lying Explorer Tavern","Devils on Horseback",6.11
"Lying Explorer Tavern","Buffalo Wings",2.97
"Lying Explorer Tavern","Tater Tots",3.31
"Lying Explorer Tavern","Curly Fries",3.46
"Lying Explorer Tavern","Potato skins",9.93
"Lying Explorer Tavern","Pigs in a Blanket",8.30
"Lying Explorer Tavern",Poppers,9.99
"Lying Explorer Tavern","Hot Wings",5.42
"Lying Explorer Tavern",Burger,4.88
"Lying Explorer Tavern","Fish and chips",5.34
"Magnificent Dark Elf Bar","Deviled Eggs",2.82
"Magnificent Dark Elf Bar",Burger,4.88
"Magnificent Dark Elf Bar","Devils on Horseback",6.11
"Magnificent Dark Elf Bar","Grilled cheese sandwich",8.05
"Magnificent Dark Elf Bar","Hot Wings",4.39
"Magnificent Dark Elf Bar","Onion ring",4.28
"Magnificent Dark Elf Bar",Sliders,6.72
"Magnificent Dark Elf Bar","Pigs in a Blanket",9.49
"Magnificent Dark Elf Bar","Fish and chips",5.34
"Magnificent Dark Elf Bar","Blooming Onion",9.99
"Middle Cushion Bar","Fish and chips",6.10
"Middle Cushion Bar","Potato skins",6.72
"Middle Cushion Bar","Hot Wings",4.39
"Middle Cushion Bar",Pizza,7.94
"Middle Cushion Bar","Nachos chips",3.40
"Middle Cushion Bar","Pigs in a Blanket",8.30
"Middle Cushion Bar","Tater Tots",3.31
"Middle Cushion Bar",Popcorn,9.99
"Middle Cushion Bar",Fries,8.55
"Middle Cushion Bar",Chili,6.22
"Middle Cushion Bar","Buffalo Wings",4.39
"Middle Cushion Bar","Deviled Eggs",2.47
"Middle Cushion Bar",Quesadilla,9.99
"Middle Cushion Bar",Poppers,9.99
"Middle Cushion Bar","Chicken Soup",6.20
"Middle Cushion Bar",Sliders,9.20
"Middle Cushion Bar","Mozzarella Sticks",7.42
"Mixing Demon Pub","Grilled cheese sandwich",9.20
"Mixing Demon Pub","Tater Tots",4.88
"Mixing Demon Pub","Potato skins",8.05
"Mixing Demon Pub",Quesadilla,9.99
"Mixing Demon Pub",Sliders,9.93
"Mixing Demon Pub",Popcorn,8.81
"Mixing Demon Pub","Peel-n-eat shrimp",7.71
"Mixing Demon Pub",Chili,6.22
"Mixing Demon Pub",Pizza,5.38
"Mixing Demon Pub","Waffle Fries",4.74
"Mixing Demon Pub","Fish and chips",6.58
"Mixing Demon Pub",Poppers,9.16
"Mixing Demon Pub","Pigs in a Blanket",9.99
"Mixing Demon Pub","Mozzarella Sticks",6.20
"Mixing Demon Pub","Deviled Eggs",2.06
"Molten Ants Bar","Mozzarella Sticks",7.42
"Molten Ants Bar","Grilled cheese sandwich",6.72
"Molten Ants Bar",Poppers,9.16
"Molten Ants Bar","Deviled Eggs",2.82
"Molten Ants Bar","Buffalo Wings",4.39
"Molten Ants Bar",Sliders,8.05
"Molten Ants Bar","Devils on Horseback",4.13
"Molten Ants Bar",Fries,8.55
"Molten Ants Bar",Pizza,7.94
"Molten Ants Bar","Blooming Onion",7.43
"Molten Ants Bar","Pigs in a Blanket",9.99
"Molten Ants Bar",Popcorn,9.99
"Natural Leopard",Chili,7.45
"Natural Leopard","Fish and chips",5.34
"Natural Leopard","Peel-n-eat shrimp",8.81
"Natural Leopard","Pigs in a Blanket",6.93
"Natural Leopard",Sliders,8.05
"Natural Leopard","Onion ring",6.32
"Natural Leopard","Buffalo Wings",4.07
"Natural Leopard","Potato skins",6.72
"Natural Leopard","Grilled cheese sandwich",6.72
"Natural Squash Tavern","Devils on Horseback",5.66
"Natural Squash Tavern",Poppers,9.99
"Natural Squash Tavern",Quesadilla,9.99
"Natural Squash Tavern","Grilled cheese sandwich",8.05
"Natural Squash Tavern","Fish and chips",4.46
"Natural Squash Tavern","Curly Fries",4.27
"Natural Squash Tavern","Mozzarella Sticks",8.48
"Natural Squash Tavern","Buffalo Wings",2.97
"Natural Squash Tavern",Chili,8.52
"Natural Squash Tavern",Fries,7.92
"Natural Squash Tavern","Waffle Fries",4.74
"Natural Squash Tavern","Deviled Eggs",3.05
"Natural Squash Tavern","Onion ring",5.12
"Natural Squash Tavern",Pizza,5.38
"Natural Squash Tavern",Popcorn,9.99
"Natural Squash Tavern","Hot Wings",3.67
"Natural Squash Tavern","Potato skins",6.72
"Naughty Bean Inn",Sliders,6.72
"Naughty Bean Inn","Chicken Soup",8.48
"Naughty Bean Inn","Hot Wings",5.02
"Naughty Bean Inn","Grilled cheese sandwich",8.05
"Naughty Bean Inn","Curly Fries",4.27
"Naughty Bean Inn","Onion ring",6.32
"Naughty Bean Inn","Fish and chips",5.34
"Naughty Bean Inn","Tater Tots",3.96
"Naughty Bean Inn",Pizza,6.44
"Naughty Bean Inn","Nachos chips",5.02
"Naughty Bean Inn","Deviled Eggs",2.06
"Naughty Bean Inn",Fries,7.92
"Naughty Bean Inn","Soft Pretzel",8.05
"Needy Mind Tavern","Nachos chips",3.40
"Needy Mind Tavern","Pigs in a Blanket",8.30
"Needy Mind Tavern",Chili,9.20
"Needy Mind Tavern","Chicken Soup",7.42
"Needy Mind Tavern","Soft Pretzel",9.20
"Needy Mind Tavern",Popcorn,9.99
"Needy Mind Tavern","Peel-n-eat shrimp",7.71
"Needy Mind Tavern","Deviled Eggs",2.82
"Needy Mind Tavern","Buffalo Wings",3.56
"Needy Mind Tavern",Burger,4.88
"Needy Mind Tavern","Hot Wings",3.67
"Nervous Jaguar Inn",Poppers,9.16
"Nervous Jaguar Inn","Fish and chips",6.58
"Nervous Jaguar Inn","Soft Pretzel",9.20
"Nervous Jaguar Inn","Mozzarella Sticks",8.48
"Nervous Jaguar Inn","Nachos chips",3.40
"Nervous Jaguar Inn","Pigs in a Blanket",9.99
"Nervous Jaguar Inn","Tater Tots",4.88
"Nervous Jaguar Inn","Peel-n-eat shrimp",6.44
"Nervous Jaguar Inn","Waffle Fries",4.74
"Nervous Jaguar Inn","Curly Fries",3.96
"Nervous Jaguar Inn",Pizza,7.94
"Nervous Jaguar Inn","Buffalo Wings",2.97
"Nervous Jaguar Inn",Chili,9.20
"Nervous Jaguar Inn",Quesadilla,9.99
"Nervous Jaguar Inn",Sliders,8.05
"Nervous Jaguar Inn",Popcorn,7.36
"Nervous Jaguar Inn","Chicken Soup",7.42
"Nervous Jaguar Inn",Burger,3.31
"Nervous Mountain Inn",Burger,4.52
"Nervous Mountain Inn","Devils on Horseback",5.66
"Nervous Mountain Inn","Fish and chips",6.10
"Nervous Mountain Inn","Onion ring",4.28
"Nervous Mountain Inn",Fries,5.79
"Nervous Mountain Inn",Poppers,9.99
"Nervous Mountain Inn","Curly Fries",4.27
"Nervous Mountain Inn",Chili,9.20
"New Spider Bar",Pizza,5.38
"New Spider Bar","Tater Tots",3.96
"New Spider Bar",Quesadilla,9.99
"New Spider Bar","Peel-n-eat shrimp",9.51
"New Spider Bar","Potato skins",8.05
"New Spider Bar","Curly Fries",2.89
"New Spider Bar","Nachos chips",4.65
"New Spider Bar","Waffle Fries",5.85
"New Spider Bar",Poppers,9.16
"New Spider Bar",Sliders,9.93
"New Spider Bar",Popcorn,8.81
"Nifty Branch Inn","Potato skins",9.20
"Nifty Branch Inn",Quesadilla,9.99
"Nifty Branch Inn",Poppers,9.16
"Nifty Branch Inn","Chicken Soup",6.20
"Nifty Branch Inn",Popcorn,8.81
"Nifty Branch Inn","Blooming Onion",9.99
"Nifty Branch Inn","Peel-n-eat shrimp",8.81
"Nifty Branch Inn","Devils on Horseback",4.13
"Nifty Branch Inn","Fish and chips",5.34
"Nifty Branch Inn","Buffalo Wings",2.97
"Nifty Branch Inn","Hot Wings",5.42
"Nifty Branch Inn","Pigs in a Blanket",9.99
"Nifty Branch Inn",Fries,7.92
"Nifty Branch Inn","Mozzarella Sticks",6.20
"Nifty Branch Inn","Onion ring",4.28
"Nifty Branch Inn",Pizza,6.44
"Nifty Branch Inn","Tater Tots",3.96
"Nifty Branch Inn","Nachos chips",4.65
"Nimble Squash",Popcorn,9.99
"Nimble Squash","Chicken Soup",9.16
"Nimble Squash","Waffle Fries",5.42
"Nimble Squash","Blooming Onion",9.99
"Nimble Squash","Mozzarella Sticks",8.48
"Nimble Squash","Potato skins",6.72
"Nimble Squash",Pizza,7.36
"Nimble Squash","Pigs in a Blanket",8.30
"Nimble Squash",Poppers,9.99
"Nimble Stream Pub","Nachos chips",3.40
"Nimble Stream Pub","Tater Tots",3.96
"Nimble Stream Pub","Curly Fries",3.46
"Nimble Stream Pub","Devils on Horseback",4.95
"Nimble Stream Pub",Pizza,6.44
"Nimble Stream Pub","Pigs in a Blanket",8.30
"Nimble Stream Pub",Sliders,8.05
"Nimble Stream Pub","Onion ring",5.12
"Nimble Stream Pub","Hot Wings",5.42
"Oceanic Knight Inn","Deviled Eggs",3.05
"Oceanic Knight Inn","Hot Wings",5.42
"Oceanic Knight Inn","Soft Pretzel",8.05
"Oceanic Knight Inn","Pigs in a Blanket",6.93
"Oceanic Knight Inn","Fish and chips",6.58
"Oceanic Knight Inn","Mozzarella Sticks",6.20
"Oceanic Knight Inn","Grilled cheese sandwich",9.20
"Oceanic Knight Inn","Onion ring",4.28
"Oceanic Woodpecker Inn",Pizza,5.38
"Oceanic Woodpecker Inn","Nachos chips",5.02
"Oceanic Woodpecker Inn","Tater Tots",3.96
"Oceanic Woodpecker Inn",Quesadilla,9.99
"Oceanic Woodpecker Inn",Popcorn,9.99
"Oceanic Woodpecker Inn","Chicken Soup",6.20
"Oceanic Woodpecker Inn","Grilled cheese sandwich",8.05
"Oceanic Woodpecker Inn","Onion ring",5.12
"Oceanic Woodpecker Inn","Mozzarella Sticks",7.42
"Oceanic Woodpecker Inn","Fish and chips",6.58
"Oceanic Woodpecker Inn","Devils on Horseback",6.11
"Oceanic Woodpecker Inn",Chili,6.22
"Organic Buffalo Bar","Potato skins",9.20
"Organic Buffalo Bar",Sliders,8.05
"Organic Buffalo Bar","Deviled Eggs",2.06
"Organic Buffalo Bar",Quesadilla,9.16
"Organic Buffalo Bar",Fries,8.55
"Organic Buffalo Bar","Curly Fries",2.89
"Organic Buffalo Bar","Hot Wings",5.42
"Organic Buffalo Bar","Buffalo Wings",2.97
"Organic Buffalo Bar","Grilled cheese sandwich",9.20
"Organic Buffalo Bar",Burger,3.31
"Organic Buffalo Bar",Popcorn,8.81
"Organic Buffalo Bar","Waffle Fries",5.85
"Organic Buffalo Bar","Chicken Soup",8.48
"Organic Buffalo Bar","Blooming Onion",8.89
"Organic Buffalo Bar","Fish and chips",6.10
"Organic Buffalo Bar","Nachos chips",3.40
"Original Acorn Roadhouse",Quesadilla,9.99
"Original Acorn Roadhouse",Sliders,9.93
"Original Acorn Roadhouse","Devils on Horseback",4.13
"Original Acorn Roadhouse","Blooming Onion",7.43
"Original Acorn Roadhouse","Waffle Fries",4.74
"Original Acorn Roadhouse","Curly Fries",4.27
"Original Acorn Roadhouse","Mozzarella Sticks",9.16
"Original Acorn Roadhouse","Nachos chips",3.40
"Original Acorn Roadhouse",Poppers,9.99
"Original Acorn Roadhouse",Fries,7.92
"Original Acorn Roadhouse","Tater Tots",3.31
"Original Acorn Roadhouse","Buffalo Wings",3.56
"Original Acorn Roadhouse","Peel-n-eat shrimp",9.51
"Original Acorn Roadhouse","Grilled cheese sandwich",8.05
"Original Acorn Roadhouse","Soft Pretzel",8.05
"Original Horse Brewpub","Potato skins",9.93
"Original Horse Brewpub","Blooming Onion",8.89
"Original Horse Brewpub",Sliders,8.05
"Original Horse Brewpub",Chili,8.52
"Original Horse Brewpub","Pigs in a Blanket",6.93
"Original Horse Brewpub","Onion ring",4.28
"Original Horse Brewpub",Fries,5.79
"Original Horse Brewpub","Nachos chips",3.40
"Outrageous Sailboat Inn",Chili,8.52
"Outrageous Sailboat Inn","Chicken Soup",9.16
"Outrageous Sailboat Inn",Sliders,8.05
"Outrageous Sailboat Inn","Deviled Eggs",2.47
"Outrageous Sailboat Inn",Popcorn,8.81
"Outrageous Sailboat Inn","Soft Pretzel",9.20
"Outrageous Sailboat Inn","Buffalo Wings",4.39
"Outrageous Sailboat Inn","Tater Tots",4.88
"Outrageous Sailboat Inn","Curly Fries",4.27
"Outrageous Sailboat Inn","Pigs in a Blanket",9.49
"Outrageous Sailboat Inn","Potato skins",8.05
"Outrageous Sailboat Inn",Fries,7.92
"Overrated Pigeons Pub","Mozzarella Sticks",8.48
"Overrated Pigeons Pub",Sliders,9.93
"Overrated Pigeons Pub","Grilled cheese sandwich",9.93
"Overrated Pigeons Pub","Devils on Horseback",4.95
"Overrated Pigeons Pub",Poppers,9.99
"Overrated Pigeons Pub","Chicken Soup",7.42
"Overrated Pigeons Pub",Pizza,5.38
"Overrated Pigeons Pub","Deviled Eggs",2.06
"Overrated Pigeons Pub","Soft Pretzel",9.93
"Overrated Pigeons Pub","Curly Fries",3.46
"Overrated Pigeons Pub","Fish and chips",5.34
"Overrated Pigeons Pub","Onion ring",4.28
"Overrated Pigeons Pub",Popcorn,9.99
"Parallel Pegasus Bar",Fries,7.92
"Parallel Pegasus Bar","Chicken Soup",7.42
"Parallel Pegasus Bar","Blooming Onion",9.99
"Parallel Pegasus Bar","Hot Wings",3.67
"Parallel Pegasus Bar","Soft Pretzel",9.20
"Parallel Pegasus Bar",Chili,7.45
"Parallel Pegasus Bar","Fish and chips",4.46
"Parallel Pegasus Bar",Quesadilla,9.16
"Parallel Pegasus Bar",Pizza,6.44
"Peaceful Bison","Hot Wings",4.39
"Peaceful Bison","Blooming Onion",9.99
"Peaceful Bison","Grilled cheese sandwich",9.93
"Peaceful Bison","Devils on Horseback",4.13
"Peaceful Bison",Burger,4.88
"Peaceful Bison","Pigs in a Blanket",9.99
"Peaceful Bison","Soft Pretzel",8.05
"Peaceful Bison","Nachos chips",5.02
"Peaceful Bison","Fish and chips",5.34
"Peaceful Bison",Popcorn,9.99
"Peaceful Bison","Mozzarella Sticks",7.42
"Peaceful Bison","Buffalo Wings",4.39
"Peaceful Bison",Poppers,9.99
"Peaceful Bison","Tater Tots",4.52
"Peaceful Bison","Chicken Soup",7.42
"Peaceful Bison","Curly Fries",3.96
"Peaceful Bison","Onion ring",5.85
"Perfect Rabbit Tavern","Buffalo Wings",3.56
"Perfect Rabbit Tavern",Pizza,7.94
"Perfect Rabbit Tavern","Tater Tots",4.88
"Perfect Rabbit Tavern","Nachos chips",5.02
"Perfect Rabbit Tavern","Onion ring",6.32
"Perfect Rabbit Tavern",Poppers,9.99
"Perfect Rabbit Tavern","Deviled Eggs",2.06
"Perfect Rabbit Tavern",Burger,3.96
"Perfect Rabbit Tavern","Chicken Soup",9.16
"Perfect Rabbit Tavern",Quesadilla,9.99
"Perfect Rabbit Tavern","Potato skins",8.05
"Pleasant Parrot Tavern","Nachos chips",3.40
"Pleasant Parrot Tavern",Sliders,6.72
"Pleasant Parrot Tavern",Fries,6.93
"Pleasant Parrot Tavern",Quesadilla,9.99
"Pleasant Parrot Tavern","Chicken Soup",7.42
"Pleasant Parrot Tavern","Tater Tots",4.88
"Pleasant Parrot Tavern","Fish and chips",4.46
"Pleasant Parrot Tavern","Grilled cheese sandwich",8.05
"Pleasant Parrot Tavern","Hot Wings",5.02
"Pleasant Parrot Tavern",Burger,3.31
"Pleasant Parrot Tavern","Soft Pretzel",8.05
"Poor Bats Inn","Deviled Eggs",2.82
"Poor Bats Inn","Grilled cheese sandwich",9.20
"Poor Bats Inn","Hot Wings",5.42
"Poor Bats Inn","Waffle Fries",4.74
"Poor Bats Inn",Fries,7.92
"Poor Bats Inn","Onion ring",5.85
"Poor Bats Inn",Quesadilla,9.99
"Poor Bats Inn","Chicken Soup",6.20
"Poor Bats Inn","Mozzarella Sticks",7.42
"Poor Bats Inn","Curly Fries",2.89
"Poor Bats Inn","Tater Tots",4.52
"Poor Bats Inn","Fish and chips",6.58
"Proud Spiders","Chicken Soup",7.42
"Proud Spiders","Potato skins",9.93
"Proud Spiders","Buffalo Wings",3.56
"Proud Spiders","Curly Fries",2.89
"Proud Spiders",Burger,3.96
"Proud Spiders","Deviled Eggs",2.06
"Proud Spiders",Chili,6.22
"Proud Spiders",Popcorn,7.36
"Proud Spiders",Fries,5.79
"Psychotic Seadog","Blooming Onion",9.99
"Psychotic Seadog",Sliders,9.93
"Psychotic Seadog","Nachos chips",4.07
"Psychotic Seadog","Deviled Eggs",2.82
"Psychotic Seadog","Soft Pretzel",9.93
"Psychotic Seadog","Chicken Soup",9.16
"Psychotic Seadog",Quesadilla,9.99
"Psychotic Seadog",Chili,7.45
"Purple Pint Bar and Grille","Mozzarella Sticks",9.16
"Purple Pint Bar and Grille","Onion ring",5.85
"Purple Pint Bar and Grille","Blooming Onion",7.43
"Purple Pint Bar and Grille","Peel-n-eat shrimp",7.71
"Purple Pint Bar and Grille","Chicken Soup",8.48
"Purple Pint Bar and Grille","Grilled cheese sandwich",8.05
"Purple Pint Bar and Grille","Tater Tots",3.31
"Purple Pint Bar and Grille",Burger,4.52
"Purple Pint Bar and Grille","Nachos chips",4.65
"Purple Pint Bar and Grille","Waffle Fries",4.74
"Purple Pint Bar and Grille",Quesadilla,9.99
"Purple Pint Bar and Grille","Pigs in a Blanket",8.30
"Purple Pint Bar and Grille",Chili,7.45
"Quickest Doves","Mozzarella Sticks",6.20
"Quickest Doves","Pigs in a Blanket",6.93
"Quickest Doves",Pizza,5.38
"Quickest Doves","Soft Pretzel",9.93
"Quickest Doves","Deviled Eggs",2.82
"Quickest Doves","Nachos chips",3.40
"Quickest Doves",Popcorn,9.99
"Quickest Doves",Sliders,9.20
"Quickest Doves","Tater Tots",4.88
"Quickest Doves","Fish and chips",5.34
"Quickest Doves",Chili,7.45
"Quickest Doves",Quesadilla,9.16
"Quickest Doves","Hot Wings",5.42
"Quickest Doves",Burger,3.96
"Rainy Lime Tavern",Popcorn,7.36
"Rainy Lime Tavern","Nachos chips",5.02
"Rainy Lime Tavern","Soft Pretzel",6.72
"Rainy Lime Tavern","Onion ring",6.32
"Rainy Lime Tavern",Fries,6.93
"Rainy Lime Tavern","Fish and chips",6.10
"Rainy Lime Tavern","Grilled cheese sandwich",8.05
"Rainy Lime Tavern","Deviled Eggs",3.05
"Rainy Lime Tavern",Quesadilla,9.99
"Rainy Lime Tavern",Chili,6.22
"Rainy Lime Tavern","Hot Wings",4.39
"Rainy Lime Tavern",Poppers,9.99
"Rainy Lime Tavern",Burger,4.52
"Rainy Lime Tavern","Chicken Soup",9.16
"Rainy Lime Tavern","Potato skins",6.72
"Real Shark Inn","Deviled Eggs",2.47
"Real Shark Inn","Curly Fries",3.96
"Real Shark Inn",Sliders,6.72
"Real Shark Inn","Buffalo Wings",4.07
"Real Shark Inn","Tater Tots",3.96
"Real Shark Inn","Onion ring",5.85
"Real Shark Inn","Soft Pretzel",9.93
"Real Shark Inn","Devils on Horseback",4.13
"Real Shark Inn",Burger,4.52
"Real Shark Inn",Popcorn,7.36
"Real Shark Inn","Waffle Fries",3.96
"Real Shark Inn",Poppers,9.16
"Real Shark Inn","Blooming Onion",9.99
"Real Shark Inn",Pizza,5.38
"Regular Drum Tavern",Burger,4.52
"Regular Drum Tavern","Onion ring",5.12
"Regular Drum Tavern",Quesadilla,9.99
"Regular Drum Tavern","Peel-n-eat shrimp",6.44
"Regular Drum Tavern","Waffle Fries",5.42
"Regular Drum Tavern","Hot Wings",5.02
"Regular Drum Tavern",Chili,7.45
"Regular Drum Tavern","Fish and chips",6.10
"Responsible Chair",Burger,3.31
"Responsible Chair","Blooming Onion",9.99
"Responsible Chair","Buffalo Wings",3.56
"Responsible Chair","Potato skins",9.93
"Responsible Chair","Nachos chips",3.40
"Responsible Chair","Hot Wings",5.02
"Responsible Chair","Pigs in a Blanket",6.93
"Responsible Chair","Onion ring",6.32
"Responsible Chair","Deviled Eggs",2.06
"Responsible Chair",Fries,6.93
"Responsible Chair",Poppers,9.99
"Responsible Chair",Chili,7.45
"Responsible Chair","Tater Tots",3.96
"Responsible Chair","Peel-n-eat shrimp",7.71
"Responsible Chair",Popcorn,8.81
"Responsible Chair","Mozzarella Sticks",9.16
"Responsible Chair",Quesadilla,9.99
"Rich Tauren Bar","Waffle Fries",5.85
"Rich Tauren Bar",Pizza,7.94
"Rich Tauren Bar",Popcorn,9.99
"Rich Tauren Bar","Onion ring",6.32
"Rich Tauren Bar","Mozzarella Sticks",8.48
"Rich Tauren Bar","Soft Pretzel",8.05
"Rich Tauren Bar",Poppers,9.99
"Rich Tauren Bar","Tater Tots",4.52
"Rich Tauren Bar","Hot Wings",5.02
"Rich Tauren Bar","Peel-n-eat shrimp",8.81
"Russian Otter Pub",Pizza,7.36
"Russian Otter Pub",Sliders,8.05
"Russian Otter Pub","Waffle Fries",5.42
"Russian Otter Pub","Chicken Soup",9.16
"Russian Otter Pub",Chili,9.20
"Russian Otter Pub","Onion ring",4.28
"Russian Otter Pub","Fish and chips",6.10
"Russian Otter Pub","Hot Wings",4.39
"Russian Otter Pub","Blooming Onion",9.99
"Rusty Sailor Outpost","Nachos chips",3.40
"Rusty Sailor Outpost","Curly Fries",3.96
"Rusty Sailor Outpost",Popcorn,8.81
"Rusty Sailor Outpost",Chili,9.20
"Rusty Sailor Outpost","Peel-n-eat shrimp",7.71
"Rusty Sailor Outpost","Mozzarella Sticks",6.20
"Rusty Sailor Outpost",Burger,3.96
"Rusty Sailor Outpost","Blooming Onion",7.43
"Rusty Sailor Outpost","Deviled Eggs",2.82
"Rusty Sailor Outpost","Waffle Fries",5.85
"Rusty Sailor Outpost","Tater Tots",4.52
"Rusty Sailor Outpost","Chicken Soup",7.42
"Rusty Sailor Outpost",Poppers,9.99
"Rusty Sailor Outpost",Pizza,6.44
"Rusty Sailor Outpost","Grilled cheese sandwich",9.20
"Rusty Sailor Outpost","Hot Wings",5.02
"Rusty Sailor Outpost","Potato skins",9.93
"Rusty Sailor Outpost",Quesadilla,9.99
"Ruthless Chestnut","Peel-n-eat shrimp",8.81
"Ruthless Chestnut",Pizza,5.38
"Ruthless Chestnut",Burger,3.31
"Ruthless Chestnut","Onion ring",6.32
"Ruthless Chestnut","Hot Wings",5.42
"Ruthless Chestnut","Pigs in a Blanket",6.93
"Ruthless Chestnut","Fish and chips",6.58
"Ruthless Chestnut","Soft Pretzel",9.93
"Ruthless Chestnut","Tater Tots",4.52
"Safe Palm Inn","Tater Tots",4.52
"Safe Palm Inn","Fish and chips",4.46
"Safe Palm Inn",Chili,7.45
"Safe Palm Inn","Chicken Soup",6.20
"Safe Palm Inn",Fries,6.93
"Safe Palm Inn","Potato skins",9.93
"Safe Palm Inn","Peel-n-eat shrimp",6.44
"Safe Palm Inn","Pigs in a Blanket",6.93
"Safe Palm Inn",Popcorn,9.99
"Safe Palm Inn","Buffalo Wings",4.07
"Safe Palm Inn","Hot Wings",5.02
"Safe Palm Inn",Burger,4.52
"Safe Palm Inn","Onion ring",5.85
"Safe Palm Inn","Devils on Horseback",5.66
"Safe Palm Inn",Quesadilla,9.99
"Safe Palm Inn","Mozzarella Sticks",7.42
"Scared Crossbow Tavern","Deviled Eggs",2.47
"Scared Crossbow Tavern","Nachos chips",5.02
"Scared Crossbow Tavern",Burger,3.31
"Scared Crossbow Tavern","Waffle Fries",5.85
"Scared Crossbow Tavern",Pizza,6.44
"Scared Crossbow Tavern",Quesadilla,9.99
"Scared Crossbow Tavern","Onion ring",6.32
"Scared Crossbow Tavern","Buffalo Wings",4.39
"Scared Crossbow Tavern","Potato skins",9.20
"Scared Crossbow Tavern","Devils on Horseback",5.66
"Scared Crossbow Tavern",Fries,8.55
"Scared Crossbow Tavern",Sliders,9.93
"Scared Crossbow Tavern","Pigs in a Blanket",8.30
"Scary Kiwi",Burger,4.88
"Scary Kiwi","Buffalo Wings",4.07
"Scary Kiwi",Quesadilla,9.99
"Scary Kiwi",Sliders,9.20
"Scary Kiwi","Blooming Onion",8.89
"Scary Kiwi","Onion ring",4.28
"Scary Kiwi","Fish and chips",6.58
"Scary Kiwi","Deviled Eggs",2.47
"Scary Kiwi","Pigs in a Blanket",9.99
"Scary Kiwi","Devils on Horseback",5.66
"Scary Kiwi",Pizza,7.94
"Scary Kiwi",Fries,6.93
"Scary Kiwi","Potato skins",8.05
"Scary Kiwi","Soft Pretzel",6.72
"Scary Kiwi",Poppers,9.99
"Shattered Oak",Burger,4.88
"Shattered Oak",Quesadilla,9.99
"Shattered Oak","Onion ring",5.85
"Shattered Oak","Mozzarella Sticks",9.16
"Shattered Oak",Sliders,6.72
"Shattered Oak",Popcorn,9.99
"Shattered Oak","Waffle Fries",5.85
"Shattered Oak","Hot Wings",4.39
"Shattered Oak","Potato skins",9.20
"Shattered Oak","Fish and chips",4.46
"Shattered Oak","Grilled cheese sandwich",9.93
"Shattered Oak","Devils on Horseback",5.66
"Shattered Oak","Nachos chips",4.07
"Shattered Oak","Peel-n-eat shrimp",9.51
"Shattered Oak","Deviled Eggs",3.05
"Shattered Oak","Pigs in a Blanket",6.93
"Shattered Oak",Poppers,9.99
"Shouting Snake Inn","Peel-n-eat shrimp",6.44
"Shouting Snake Inn","Soft Pretzel",8.05
"Shouting Snake Inn",Chili,6.22
"Shouting Snake Inn","Nachos chips",3.40
"Shouting Snake Inn",Quesadilla,9.16
"Shouting Snake Inn","Deviled Eggs",3.05
"Shouting Snake Inn","Curly Fries",4.27
"Shouting Snake Inn","Hot Wings",5.42
"Shouting Snake Inn","Chicken Soup",7.42
"Shouting Snake Inn","Onion ring",4.28
"Shouting Snake Inn",Sliders,9.20
"Shouting Snake Inn","Potato skins",9.93
"Shouting Snake Inn","Waffle Fries",5.42
"Shouting Snake Inn","Buffalo Wings",4.39
"Shouting Snake Inn","Grilled cheese sandwich",6.72
"Shouting Snake Inn",Fries,5.79
"Shouting Snake Inn",Burger,3.31
"Shouting Snake Inn","Pigs in a Blanket",6.93
"Skinny Guitar","Deviled Eggs",3.05
"Skinny Guitar","Waffle Fries",5.85
"Skinny Guitar","Chicken Soup",9.16
"Skinny Guitar","Pigs in a Blanket",8.30
"Skinny Guitar","Blooming Onion",9.99
"Skinny Guitar","Tater Tots",3.96
"Skinny Guitar",Quesadilla,9.99
"Skinny Guitar",Sliders,6.72
"Skinny Guitar","Grilled cheese sandwich",9.93
"Skinny Guitar","Onion ring",5.85
"Skinny Guitar","Hot Wings",5.02
"Skinny Guitar","Potato skins",9.20
"Skinny Guitar","Curly Fries",4.27
"Smelly Crane Tavern","Pigs in a Blanket",8.30
"Smelly Crane Tavern","Devils on Horseback",5.66
"Smelly Crane Tavern",Fries,7.92
"Smelly Crane Tavern","Curly Fries",4.27
"Smelly Crane Tavern",Sliders,6.72
"Smelly Crane Tavern","Hot Wings",3.67
"Smelly Crane Tavern","Blooming Onion",9.99
"Smelly Crane Tavern","Soft Pretzel",8.05
"Smelly Crane Tavern",Poppers,9.99
"Smelly Crane Tavern","Chicken Soup",8.48
"Smelly Crane Tavern","Waffle Fries",5.85
"Smelly Crane Tavern","Grilled cheese sandwich",9.20
"Snobbish Jackal Inn","Chicken Soup",9.16
"Snobbish Jackal Inn",Sliders,8.05
"Snobbish Jackal Inn","Devils on Horseback",6.11
"Snobbish Jackal Inn","Nachos chips",4.65
"Snobbish Jackal Inn","Deviled Eggs",2.06
"Snobbish Jackal Inn","Onion ring",4.28
"Snobbish Jackal Inn","Curly Fries",2.89
"Snobbish Jackal Inn",Quesadilla,9.99
"Snobbish Jackal Inn","Grilled cheese sandwich",9.93
"Snobbish Jackal Inn","Tater Tots",4.88
"Snobbish Jackal Inn","Soft Pretzel",9.93
"Sore Head","Grilled cheese sandwich",9.93
"Sore Head",Pizza,5.38
"Sore Head","Devils on Horseback",4.13
"Sore Head",Fries,5.79
"Sore Head","Mozzarella Sticks",8.48
"Sore Head","Waffle Fries",5.42
"Sore Head","Curly Fries",3.46
"Sore Head","Hot Wings",5.02
"Sore Head","Tater Tots",3.96
"Sore Head",Popcorn,8.81
"Sore Head","Deviled Eggs",2.47
"Sore Head",Sliders,6.72
"Sore Head",Poppers,9.99
"Sore Head","Soft Pretzel",9.93
"Sore Head","Potato skins",6.72
"Sore Head",Chili,7.45
"Sour Axe Bar","Hot Wings",5.02
"Sour Axe Bar","Peel-n-eat shrimp",6.44
"Sour Axe Bar","Nachos chips",4.65
"Sour Axe Bar","Tater Tots",3.96
"Sour Axe Bar",Fries,8.55
"Sour Axe Bar","Grilled cheese sandwich",9.93
"Sour Axe Bar","Deviled Eggs",2.47
"Sour Axe Bar",Chili,9.20
"Sour Axe Bar",Popcorn,9.99
"Sour Axe Bar",Burger,3.31
"Sour Axe Bar","Potato skins",9.20
"Sour Axe Bar","Onion ring",5.85
"Sour Axe Bar","Buffalo Wings",2.97
"Sour Axe Bar","Blooming Onion",9.99
"Sour Axe Bar",Sliders,9.20
"Sour Axe Bar","Waffle Fries",4.74
"Sour Axe Bar","Soft Pretzel",8.05
"Sour Axe Bar",Pizza,7.36
"Spicy Cats Tavern","Mozzarella Sticks",7.42
"Spicy Cats Tavern","Hot Wings",5.42
"Spicy Cats Tavern",Burger,3.96
"Spicy Cats Tavern",Quesadilla,9.16
"Spicy Cats Tavern","Peel-n-eat shrimp",7.71
"Spicy Cats Tavern","Chicken Soup",7.42
"Spicy Cats Tavern",Pizza,5.38
"Spicy Cats Tavern","Tater Tots",3.96
"Spicy Cats Tavern",Chili,8.52
"Spicy Cats Tavern","Pigs in a Blanket",9.49
"Spicy Cats Tavern","Onion ring",5.85
"Spicy Cats Tavern","Potato skins",9.20
"Spinning Nomad Ale House","Nachos chips",4.07
"Spinning Nomad Ale House","Tater Tots",4.52
"Spinning Nomad Ale House",Pizza,7.94
"Spinning Nomad Ale House","Soft Pretzel",6.72
"Spinning Nomad Ale House",Poppers,9.99
"Spinning Nomad Ale House","Blooming Onion",7.43
"Spinning Nomad Ale House","Potato skins",8.05
"Spinning Nomad Ale House",Popcorn,7.36
"Spinning Nomad Ale House","Hot Wings",5.42
"Spinning Nomad Ale House","Fish and chips",4.46
"Spinning Nomad Ale House","Buffalo Wings",3.56
"Spinning Nomad Ale House",Fries,7.92
"Spinning Nomad Ale House",Quesadilla,9.99
"Spinning Nomad Ale House","Peel-n-eat shrimp",6.44
"Spinning Nomad Ale House","Chicken Soup",6.20
"Spinning Nomad Ale House","Onion ring",6.32
"Spirited Brew Saloon",Burger,3.31
"Spirited Brew Saloon","Tater Tots",4.52
"Spirited Brew Saloon",Chili,7.45
"Spirited Brew Saloon",Fries,7.92
"Spirited Brew Saloon","Fish and chips",6.10
"Spirited Brew Saloon","Onion ring",4.28
"Spirited Brew Saloon",Poppers,9.99
"Spirited Brew Saloon","Mozzarella Sticks",7.42
"Spirited Brew Saloon","Peel-n-eat shrimp",8.81
"Spirited Brew Saloon",Popcorn,9.99
"Spirited Brew Saloon","Pigs in a Blanket",6.93
"Spirited Brew Saloon","Soft Pretzel",9.93
"Spirited Brew Saloon","Waffle Fries",3.96
"Spirited Brew Saloon","Devils on Horseback",6.11
"Spirited Brew Saloon","Potato skins",8.05
"Spirited Brew Saloon","Deviled Eggs",3.05
"Spirited Brew Saloon","Hot Wings",4.39
"Steel Elf",Sliders,8.05
"Steel Elf","Potato skins",9.20
"Steel Elf","Hot Wings",5.02
"Steel Elf",Quesadilla,9.99
"Steel Elf","Deviled Eggs",2.47
"Steel Elf","Tater Tots",4.52
"Steel Elf","Blooming Onion",9.99
"Steel Elf",Pizza,7.36
"Steel Elf","Soft Pretzel",9.93
"Steel Elf","Nachos chips",3.40
"Steel Elf","Curly Fries",2.89
"Steel Elf","Pigs in a Blanket",6.93
"Steel Elf",Burger,3.96
"Steel Elf",Poppers,9.16
"Steel Elf","Devils on Horseback",4.95
"Steel Elf","Peel-n-eat shrimp",6.44
"Steel Elf","Fish and chips",5.34
"Steel Elf","Grilled cheese sandwich",6.72
"Steel Yew","Curly Fries",2.89
"Steel Yew","Nachos chips",3.40
"Steel Yew","Blooming Onion",7.43
"Steel Yew",Poppers,9.16
"Steel Yew",Sliders,8.05
"Steel Yew","Soft Pretzel",6.72
"Steel Yew","Pigs in a Blanket",9.99
"Steel Yew","Hot Wings",4.39
"Steel Yew","Grilled cheese sandwich",9.93
"Steel Yew","Potato skins",8.05
"Steel Yew",Popcorn,7.36
"Steel Yew","Deviled Eggs",2.06
"Sudden Dragon Bar","Onion ring",5.85
"Sudden Dragon Bar",Pizza,7.36
"Sudden Dragon Bar","Waffle Fries",5.85
"Sudden Dragon Bar","Devils on Horseback",6.11
"Sudden Dragon Bar",Sliders,6.72
"Sudden Dragon Bar","Peel-n-eat shrimp",9.51
"Sudden Dragon Bar",Burger,4.88
"Sudden Dragon Bar","Pigs in a Blanket",6.93
"Sudden Dragon Bar","Hot Wings",4.39
"Sudden Dragon Bar","Fish and chips",6.58
"Sudden Dragon Bar","Curly Fries",4.27
"Sudden Octopus",Pizza,7.36
"Sudden Octopus",Chili,8.52
"Sudden Octopus","Devils on Horseback",5.66
"Sudden Octopus","Onion ring",6.32
"Sudden Octopus","Mozzarella Sticks",7.42
"Sudden Octopus",Popcorn,9.99
"Sudden Octopus","Waffle Fries",5.85
"Sudden Octopus","Nachos chips",3.40
"Sudden Octopus","Grilled cheese sandwich",9.20
"Sudden Octopus",Sliders,8.05
"Sudden Octopus","Fish and chips",5.34
"Sweet And Sour Castle Bar",Quesadilla,9.99
"Sweet And Sour Castle Bar","Mozzarella Sticks",8.48
"Sweet And Sour Castle Bar","Grilled cheese sandwich",9.93
"Sweet And Sour Castle Bar",Burger,4.88
"Sweet And Sour Castle Bar","Tater Tots",4.52
"Sweet And Sour Castle Bar",Popcorn,7.36
"Sweet And Sour Castle Bar","Peel-n-eat shrimp",7.71
"Sweet And Sour Castle Bar","Hot Wings",5.02
"Sweet And Sour Castle Bar","Fish and chips",6.58
"Sweet And Sour Castle Bar","Onion ring",5.12
"Sweet And Sour Castle Bar",Fries,8.55
"Sweet And Sour Castle Bar",Sliders,8.05
"Sweet And Sour Castle Bar",Chili,9.20
"Sweet And Sour Castle Bar","Nachos chips",4.65
"Sweet And Sour Castle Bar","Devils on Horseback",6.11
"Swift Angels Pub","Mozzarella Sticks",9.16
"Swift Angels Pub","Fish and chips",6.10
"Swift Angels Pub","Grilled cheese sandwich",6.72
"Swift Angels Pub",Quesadilla,9.16
"Swift Angels Pub",Poppers,9.99
"Swift Angels Pub","Curly Fries",3.96
"Swift Angels Pub","Chicken Soup",8.48
"Swift Angels Pub",Burger,3.31
"Swift Angels Pub","Peel-n-eat shrimp",8.81
"Swift Angels Pub","Blooming Onion",8.89
"Tacky Lyre Pub",Fries,7.92
"Tacky Lyre Pub","Potato skins",9.93
"Tacky Lyre Pub","Peel-n-eat shrimp",8.81
"Tacky Lyre Pub",Pizza,6.44
"Tacky Lyre Pub",Sliders,9.93
"Tacky Lyre Pub","Curly Fries",3.96
"Tacky Lyre Pub","Onion ring",5.85
"Tacky Lyre Pub","Mozzarella Sticks",9.16
"Tacky Lyre Pub",Chili,7.45
"Tacky Lyre Pub","Waffle Fries",4.74
"Tacky Lyre Pub","Grilled cheese sandwich",6.72
"Tacky Lyre Pub","Hot Wings",3.67
"Tacky Lyre Pub","Chicken Soup",8.48
"Tacky Lyre Pub","Deviled Eggs",2.06
"Tacky Lyre Pub","Tater Tots",3.31
"Tacky Lyre Pub","Buffalo Wings",3.56
"Tasty Fairy Tavern","Grilled cheese sandwich",9.93
"Tasty Fairy Tavern","Devils on Horseback",6.11
"Tasty Fairy Tavern","Hot Wings",5.42
"Tasty Fairy Tavern",Pizza,5.38
"Tasty Fairy Tavern",Poppers,9.16
"Tasty Fairy Tavern",Chili,9.20
"Tasty Fairy Tavern",Quesadilla,9.99
"Tasty Fairy Tavern","Blooming Onion",7.43
"Tasty Fairy Tavern","Potato skins",9.93
"Tasty Fairy Tavern","Pigs in a Blanket",8.30
"Tasty Fairy Tavern",Sliders,9.20
"Tasty Fairy Tavern",Burger,4.88
"Tasty Fairy Tavern","Deviled Eggs",2.47
"Tasty Fairy Tavern","Buffalo Wings",4.39
"Tasty Fairy Tavern","Waffle Fries",4.74
"Tasty Fairy Tavern","Nachos chips",5.02
"Teeny Gauntlet Bar","Devils on Horseback",4.13
"Teeny Gauntlet Bar",Popcorn,8.81
"Teeny Gauntlet Bar",Poppers,9.99
"Teeny Gauntlet Bar","Deviled Eggs",2.82
"Teeny Gauntlet Bar","Hot Wings",4.39
"Teeny Gauntlet Bar",Burger,4.88
"Teeny Gauntlet Bar","Peel-n-eat shrimp",7.71
"Teeny Gauntlet Bar","Blooming Onion",9.99
"Teeny Gauntlet Bar","Nachos chips",5.02
"Teeny Gauntlet Bar",Sliders,9.93
"Thundering Table Inn","Potato skins",9.93
"Thundering Table Inn","Buffalo Wings",4.39
"Thundering Table Inn",Sliders,9.20
"Thundering Table Inn",Pizza,7.36
"Thundering Table Inn",Chili,7.45
"Thundering Table Inn",Popcorn,7.36
"Thundering Table Inn",Fries,6.93
"Thundering Table Inn","Devils on Horseback",6.11
"Thundering Table Inn","Soft Pretzel",8.05
"Thundering Table Inn","Peel-n-eat shrimp",6.44
"Thundering Table Inn","Grilled cheese sandwich",6.72
"Thundering Table Inn","Blooming Onion",8.89
"Thundering Table Inn",Burger,4.88
"Thundering Table Inn",Quesadilla,9.99
"Thundering Table Inn","Tater Tots",3.96
"Triangular Pegasus Inn","Waffle Fries",4.74
"Triangular Pegasus Inn",Poppers,9.16
"Triangular Pegasus Inn",Quesadilla,9.99
"Triangular Pegasus Inn","Pigs in a Blanket",6.93
"Triangular Pegasus Inn","Fish and chips",5.34
"Triangular Pegasus Inn","Buffalo Wings",4.39
"Triangular Pegasus Inn","Blooming Onion",9.99
"Triangular Pegasus Inn","Onion ring",6.32
"Triangular Pegasus Inn",Popcorn,8.81
"Triangular Pegasus Inn",Fries,5.79
"Triangular Pegasus Inn","Peel-n-eat shrimp",6.44
"Triangular Pegasus Inn","Potato skins",6.72
"Triangular Pegasus Inn","Soft Pretzel",6.72
"Twelve Spider Inn","Buffalo Wings",3.56
"Twelve Spider Inn","Deviled Eggs",3.05
"Twelve Spider Inn","Fish and chips",6.58
"Twelve Spider Inn","Potato skins",9.20
"Twelve Spider Inn","Waffle Fries",3.96
"Twelve Spider Inn",Poppers,9.16
"Twelve Spider Inn","Tater Tots",3.31
"Twelve Spider Inn","Peel-n-eat shrimp",8.81
"Twelve Spider Inn","Soft Pretzel",9.93
"Twelve Spider Inn",Burger,4.88
"Twelve Spider Inn",Sliders,9.20
"Twelve Spider Inn","Blooming Onion",9.99
"Twelve Spider Inn","Onion ring",5.85
"Twelve Spider Inn",Quesadilla,9.16
"Ugliest Pants Tavern",Popcorn,7.36
"Ugliest Pants Tavern","Onion ring",5.12
"Ugliest Pants Tavern","Buffalo Wings",3.56
"Ugliest Pants Tavern","Devils on Horseback",5.66
"Ugliest Pants Tavern","Deviled Eggs",2.06
"Ugliest Pants Tavern","Blooming Onion",7.43
"Ugliest Pants Tavern","Potato skins",9.20
"Ugliest Pants Tavern","Grilled cheese sandwich",6.72
"Ugliest Pants Tavern","Mozzarella Sticks",6.20
"Ugliest Pants Tavern","Curly Fries",3.46
"Ugliest Pants Tavern",Chili,9.20
"Ugliest Pants Tavern",Pizza,6.44
"Ugliest Pants Tavern","Nachos chips",4.65
"Ugliest Pants Tavern",Sliders,8.05
"Ugliest Pants Tavern","Pigs in a Blanket",9.99
"Uneven Ants Tavern",Fries,7.92
"Uneven Ants Tavern","Hot Wings",5.42
"Uneven Ants Tavern","Chicken Soup",8.48
"Uneven Ants Tavern","Soft Pretzel",9.20
"Uneven Ants Tavern","Nachos chips",3.40
"Uneven Ants Tavern",Popcorn,9.99
"Uneven Ants Tavern","Deviled Eggs",3.05
"Uneven Ants Tavern","Onion ring",4.28
"Uneven Ants Tavern","Waffle Fries",4.74
"Uneven Ants Tavern",Sliders,6.72
"Uneven Ants Tavern",Burger,3.96
"Uneven Ants Tavern","Fish and chips",4.46
"Uneven Ants Tavern","Mozzarella Sticks",9.16
"Unusual Truffle","Mozzarella Sticks",6.20
"Unusual Truffle","Hot Wings",5.42
"Unusual Truffle","Peel-n-eat shrimp",7.71
"Unusual Truffle",Sliders,8.05
"Unusual Truffle","Potato skins",6.72
"Unusual Truffle","Blooming Onion",9.99
"Unusual Truffle","Tater Tots",4.52
"Unusual Truffle",Popcorn,8.81
"Unusual Truffle","Chicken Soup",9.16
"Unusual Truffle","Pigs in a Blanket",8.30
"Unusual Truffle","Buffalo Wings",4.07
"Unusual Truffle","Soft Pretzel",6.72
"Unusual Truffle","Nachos chips",3.40
"Unusual Truffle",Quesadilla,9.99
"Unusual Truffle",Burger,3.31
"Unusual Truffle",Chili,6.22
"Unusual Truffle","Grilled cheese sandwich",9.93
"Venomous River Inn","Grilled cheese sandwich",8.05
"Venomous River Inn","Peel-n-eat shrimp",7.71
"Venomous River Inn","Chicken Soup",6.20
"Venomous River Inn","Hot Wings",5.42
"Venomous River Inn",Quesadilla,9.99
"Venomous River Inn",Popcorn,9.99
"Venomous River Inn",Burger,3.96
"Venomous River Inn",Pizza,6.44
"Venomous River Inn","Pigs in a Blanket",8.30
"Venomous River Inn",Fries,5.79
"Venomous River Inn","Buffalo Wings",2.97
"Venomous River Inn","Soft Pretzel",8.05
"Venomous River Inn","Waffle Fries",5.85
"Venomous River Inn","Mozzarella Sticks",9.16
"Wicked Stream",Poppers,9.99
"Wicked Stream","Devils on Horseback",4.95
"Wicked Stream","Curly Fries",2.89
"Wicked Stream","Pigs in a Blanket",9.99
"Wicked Stream","Deviled Eggs",2.47
"Wicked Stream",Sliders,6.72
"Wicked Stream","Hot Wings",3.67
"Wicked Stream",Popcorn,9.99
"Wicked Stream","Waffle Fries",4.74
"Wicked Stream","Blooming Onion",9.99
"Wicked Stream","Tater Tots",3.96
"Wicked Stream","Grilled cheese sandwich",8.05
"Wicked Stream","Nachos chips",4.65
"Wicked Stream","Potato skins",9.93
"Wild Hag Bar","Curly Fries",4.27
"Wild Hag Bar","Peel-n-eat shrimp",8.81
"Wild Hag Bar","Devils on Horseback",5.66
"Wild Hag Bar",Burger,3.96
"Wild Hag Bar","Onion ring",5.12
"Wild Hag Bar","Waffle Fries",5.42
"Wild Hag Bar","Potato skins",6.72
"Wild Hag Bar","Grilled cheese sandwich",9.20
"Windy Harp",Fries,8.55
"Windy Harp","Soft Pretzel",9.93
"Windy Harp",Pizza,6.44
"Windy Harp","Chicken Soup",6.20
"Windy Harp",Popcorn,9.99
"Windy Harp","Pigs in a Blanket",9.49
"Windy Harp",Chili,9.20
"Windy Harp","Tater Tots",3.31
"Windy Harp",Sliders,9.93
"Windy Harp","Curly Fries",2.89
"Windy Harp","Blooming Onion",9.99
"Windy Harp","Peel-n-eat shrimp",9.51
"Wretched Grape Inn",Burger,3.31
"Wretched Grape Inn","Curly Fries",4.27
"Wretched Grape Inn","Potato skins",9.93
"Wretched Grape Inn","Mozzarella Sticks",6.20
"Wretched Grape Inn","Soft Pretzel",9.20
"Wretched Grape Inn","Grilled cheese sandwich",6.72
"Wretched Grape Inn",Popcorn,7.36
"Wretched Grape Inn","Waffle Fries",5.85
"Wrong Whip Bar","Blooming Onion",7.43
"Wrong Whip Bar",Sliders,9.20
"Wrong Whip Bar",Quesadilla,9.99
"Wrong Whip Bar","Nachos chips",5.02
"Wrong Whip Bar","Mozzarella Sticks",7.42
"Wrong Whip Bar","Devils on Horseback",4.13
"Wrong Whip Bar","Buffalo Wings",3.56
"Wrong Whip Bar","Tater Tots",3.96
"Wrong Whip Bar",Burger,4.52
"Wrong Whip Bar","Potato skins",9.20
"Wrong Whip Bar",Pizza,7.94
"Wrong Whip Bar","Hot Wings",5.42
"Wrong Whip Bar","Curly Fries",3.46
"Wrong Whip Bar","Fish and chips",6.58
"Wrong Whip Bar","Chicken Soup",8.48
"Ye Olde Lord Bar",Poppers,9.16
"Ye Olde Lord Bar",Quesadilla,9.99
"Ye Olde Lord Bar","Potato skins",9.93
"Ye Olde Lord Bar","Chicken Soup",9.16
"Ye Olde Lord Bar",Popcorn,9.99
"Ye Olde Lord Bar","Mozzarella Sticks",7.42
"Ye Olde Lord Bar",Fries,5.79
"Ye Olde Lord Bar","Soft Pretzel",9.20
"Ye Olde Lord Bar",Pizza,7.36
"Ye Olde Lord Bar",Sliders,9.20
"Ye Olde Lord Bar","Hot Wings",5.42
"Ye Olde Lord Bar","Peel-n-eat shrimp",7.71
"Ye Olde Lord Bar",Chili,7.45
"Ye Olde Lord Bar","Pigs in a Blanket",9.99
"Ye Olde Lord Bar","Waffle Fries",5.42
"Ye Olde Lord Bar","Grilled cheese sandwich",9.20
"Ye Olde Lord Bar","Blooming Onion",8.89
"Ye Olde Lord Bar","Nachos chips",5.02
