barname,beername,price
"Absent Snow","North Beach Ale",4.40
"Absent Snow","Dry Stout",9.99
"Absent Snow","Imperial Stout",3.21
"Absent Snow","Old Oakland Ale",7.92
"Absent Snow","Inspiration Ale",9.99
"Absent Snow",Megalodon,8.55
"Absent Snow","Dry Hop Red",5.39
"Admiral Benbow Inn","Cauldron Espresso Stout",9.24
"Admiral Benbow Inn","Caldera IPA",6.16
"Admiral Benbow Inn","Orca Porter",6.16
"Admiral Benbow Inn","Code Blue",9.50
"Admiral Benbow Inn","Caldera Ginger Beer",6.16
"Admiral Benbow Inn","Coconut Porter",9.99
"Admiral Benbow Inn",Hefeweizen,9.99
"Admiral Benbow Inn","Vas Deferens Ale",5.79
"Amused Lemon Parlor","Amstel Light",3.86
"Amused Lemon Parlor","Deviator Doppelbock",6.93
"Amused Lemon Parlor","Orca Porter",6.16
"Amused Lemon Parlor",Megalodon,8.55
"Amused Lemon Parlor","Caldera Pale Ale",5.79
"Amused Lemon Parlor","Hop Hash",8.55
"Amused Lemon Parlor","Red Moon",9.00
"Amused Lemon Parlor","Cauldron DIPA",4.40
Anchor,"Amstel Lager",8.55
Anchor,"Dry Hop Red",5.39
Anchor,"Kirner Pils Premium",6.16
Anchor,"Holiday Imperial",5.39
Anchor,"Leviathan Imperial Stout",9.00
Anchor,"Amstel Bock",7.72
Anchor,"St. Stephen's Bock",9.68
Anchor,"Old Growth Imperial Stout",9.68
Anchor,"Honey Fayre",5.39
Anchor,"Hibiscus Ginger Beer",9.99
"Armed Pudding Bar","Cauldron DIPA",4.40
"Armed Pudding Bar","Dry Hop Red",5.39
"Armed Pudding Bar","Old Growth Imperial Stout",9.68
"Armed Pudding Bar","Hibiscus Ginger Beer",9.99
"Armed Pudding Bar","Dry Hop Orange",8.55
"Armed Pudding Bar","Celebration Ale",3.86
"Armed Pudding Bar","Imperial Stout",3.21
"Armed Pudding Bar","Blue Whale Ale",9.00
"Assorted Dandelion Bar","Inspiration Ale",9.99
"Assorted Dandelion Bar","Leviathan Imperial Stout",9.00
"Assorted Dandelion Bar","Old Growth Imperial Stout",9.68
"Assorted Dandelion Bar","Welsh Pride",5.28
"Assorted Dandelion Bar","Amstel Malt",6.16
"Assorted Dandelion Bar","Amstel Light",3.86
"Assorted Dandelion Bar","Hop Hash",8.55
"Assorted Dandelion Bar","Blue Whale Ale",9.00
"Assorted Dandelion Bar","Kirner Pils Premium",6.16
"Atomic Liquors","Schinderhannes Bock",7.04
"Atomic Liquors",Megalodon,8.55
"Atomic Liquors","Caldera Pale Ale",5.79
"Atomic Liquors","Amstel Bright",3.86
"Atomic Liquors","Amstel Gold",9.99
"Atomic Liquors","Southside Strong",5.39
"Atomic Liquors","Nut Brown",9.99
"Atomic Liquors","North Beach Ale",4.40
"Atomic Liquors","Coconut Porter",9.99
"Atomic Liquors","Holiday Imperial",5.39
"Awful Salmon Bar","Columbus India Pale Ale",9.64
"Awful Salmon Bar","Caldera Oatmeal Stout",8.55
"Awful Salmon Bar","Holiday Trappist Style Ale",9.99
"Awful Salmon Bar","Amstel Lentebock",3.85
"Awful Salmon Bar","Imperial Stout",3.21
"Awful Salmon Bar","Black Horse Black Beer",9.99
"Awful Salmon Bar","Kirner Pils Premium",6.16
"Awful Salmon Bar","Cauldron DIPA",4.40
"Best Stick Tavern","Pacific Pilsner",9.99
"Best Stick Tavern","Coconut Porter",9.99
"Best Stick Tavern","Inspiration Ale",9.99
"Best Stick Tavern","Amstel Bright",3.86
"Best Stick Tavern","Dry Hop Orange",8.55
"Bloody Lady","Cauldron DIPA",4.40
"Bloody Lady","Exotic Erotic Passion Fruit Ale",9.99
"Bloody Lady","Lawnmower Lager",9.99
"Bloody Lady","North Beach Ale",4.40
"Bloody Lady","Welsh Pride",5.28
"Bloody Lady","Newark IPA",4.75
"Bloody Lady","Columbus India Pale Ale",9.64
"Bloody Lady","Old Growth Imperial Stout",9.68
"Blue City","Welsh Honey Bitter",7.70
"Blue City","Grey Whale Ale",5.39
"Blue City",Megalodon,8.55
"Blue City","The Captain's Porter",9.24
"Blue City","Viven Porter",8.80
"Brave Olive Pub","Amstel Malt",6.16
"Brave Olive Pub","Caldera Oatmeal Stout",8.55
"Brave Olive Pub","Red Moon",9.00
"Brave Olive Pub","Inspiration Ale",9.99
"Brave Olive Pub","Swamp Fox IPA",7.04
"Brave Olive Pub","Holiday Ale",9.99
"Brave Olive Pub","Welsh Pride",5.28
"Brave Olive Pub","Welsh Honey Bitter",7.70
"Brave Olive Pub","The Captain's Porter",9.24
"Brave Olive Pub","Old Oakland Ale",7.92
"Busy Bachelor Bar","Dry Hop Red",5.39
"Busy Bachelor Bar","Holiday Imperial",5.39
"Busy Bachelor Bar","Southside Strong",5.39
"Busy Bachelor Bar","Yellowjacket Ale",5.70
"Busy Bachelor Bar","Swamp Fox IPA",7.04
"Busy Bachelor Bar","Dry Stout",9.99
"Busy Bachelor Bar","Exotic Erotic Passion Fruit Ale",9.99
"Busy Bachelor Bar","Caldera Oatmeal Stout",8.55
"Cheap Vampire","Caldera Pilsener Bier",7.70
"Cheap Vampire","Black Horse Black Beer",9.99
"Cheap Vampire",Megalodon,8.55
"Cheap Vampire","St. Stephen's Bock",9.68
"Cheap Vampire","Coconut Porter",9.99
"Cheap Vampire","Amstel Lager",8.55
"Cheap Vampire","Nut Brown",9.99
"Chinese Oak","Grey Whale Ale",5.39
"Chinese Oak","Celebration Ale",3.86
"Chinese Oak","Cauldron Espresso Stout",9.24
"Chinese Oak","Orca Porter",6.16
"Chinese Oak","Amstel Oud Bruin",5.70
"Chubby Badger Pub","Dry Hop Orange",8.55
"Chubby Badger Pub","Dry Hop Red",5.39
"Chubby Badger Pub","Cauldron Espresso Stout",9.24
"Chubby Badger Pub","Grey Whale Ale",5.39
"Chubby Badger Pub","Exotic Erotic Passion Fruit Ale",9.99
"Chubby Badger Pub","Lawnmower Lager",9.99
"Chubby Badger Pub","Blue Whale Ale",9.00
"Chubby Badger Pub","Code Blue",9.50
"Chubby Badger Pub","Old Oakland Ale",7.92
"Chubby Badger Pub","Leviathan Imperial Stout",9.00
"Chunky Hawks Tavern",Hefeweizen,9.99
"Chunky Hawks Tavern","Killer Whale Stout",7.07
"Chunky Hawks Tavern","Ballz Deep Double IPA",6.16
"Chunky Hawks Tavern","Welsh Pride",5.28
"Chunky Hawks Tavern","Pacific Pilsner",9.99
"Chunky Hawks Tavern","Code Blue",9.50
"Clean Bed Inn","Caldera Oatmeal Stout",8.55
"Clean Bed Inn","Ballz Deep Double IPA",6.16
"Clean Bed Inn","Coconut Porter",9.99
"Clean Bed Inn","Caldera Pilsener Bier",7.70
"Clean Bed Inn","Leviathan Imperial Stout",9.00
"Clean Bed Inn","Amstel Lentebock",3.85
"Clean Bed Inn",Hefeweizen,9.99
"Clever Child","Caldera Oatmeal Stout",8.55
"Clever Child","Holiday Trappist Style Ale",9.99
"Clever Child","Cauldron Brew",3.86
"Clever Child","Killer Whale Stout",7.07
"Clever Child","Schinderhannes Bock",7.04
"Clever Child","Telford Porter",5.70
"Clever Child","Vas Deferens Ale",5.79
"Clever Child","Pumpkin Ale",9.99
"Clever Child","Leviathan Imperial Stout",9.00
"Clever Child","Amstel Gold",9.99
"Courageous Lyre Bar","Caldera Pilsener Bier",7.70
"Courageous Lyre Bar","The Highland Stagger",9.99
"Courageous Lyre Bar","Pumpkin Ale",9.99
"Courageous Lyre Bar","Swamp Fox IPA",7.04
"Courageous Lyre Bar",Hefeweizen,9.99
"Courageous Lyre Bar","Dry Stout",9.99
"Courageous Melon","Holiday Imperial",5.39
"Courageous Melon","Hibiscus Ginger Beer",9.99
"Courageous Melon",Hefeweizen,9.99
"Courageous Melon","Amstel Lager",8.55
"Courageous Melon","Pacific Pilsner",9.99
"Courageous Melon","Celebration Ale",3.86
"Crooked Sailor Ale House","Caldera Pale Ale",5.79
"Crooked Sailor Ale House","Caldera IPA",6.16
"Crooked Sailor Ale House","Inspiration Ale",9.99
"Crooked Sailor Ale House","Hopportunity Knocks",9.99
"Crooked Sailor Ale House","Amstel Oud Bruin",5.70
"Crooked Sailor Ale House","Black Horse Black Beer",9.99
"Crooked Sailor Ale House","The Captain's Porter",9.24
"Crooked Sailor Ale House","Amstel Malt",6.16
"Crooked Sailor Ale House","Caldera Ginger Beer",6.16
"Daily Barracuda Inn","Southside Strong",5.39
"Daily Barracuda Inn","Grey Whale Ale",5.39
"Daily Barracuda Inn","North Beach Ale",4.40
"Daily Barracuda Inn","Viven Porter",8.80
"Daily Barracuda Inn","Old Oakland Ale",7.92
"Dandy Cloud Bistro","Welsh Pride",5.28
"Dandy Cloud Bistro",Hefeweizen,9.99
"Dandy Cloud Bistro","Cauldron Espresso Stout",9.24
"Dandy Cloud Bistro","Imperial Stout",3.21
"Dandy Cloud Bistro","Amstel Malt",6.16
"Dandy Cloud Bistro","Pacific Pilsner",9.99
"Dandy Cloud Bistro","Celebration Ale",3.86
"Dandy Cloud Bistro","Yellowjacket Ale",5.70
"Dandy Cloud Bistro","Old Oakland Ale",7.92
"Dandy Cloud Bistro","Caldera Oatmeal Stout",8.55
"Deep Flute Bar","Viven Porter",8.80
"Deep Flute Bar","Honey Fayre",5.39
"Deep Flute Bar","Swamp Fox IPA",7.04
"Deep Flute Bar","Caldera Pale Ale",5.79
"Deep Flute Bar","Amstel Malt",6.16
"Deep Flute Bar","Old Oakland Ale",7.92
"Deep Flute Bar","Amstel Bright",3.86
"Deep Flute Bar","Ashland Amber",9.99
"Deep Flute Bar","St. Stephen's Bock",9.68
"Deep Glass Bar","Holiday Ale",9.99
"Deep Glass Bar","Pacific Pilsner",9.99
"Deep Glass Bar","Dry Stout",9.99
"Deep Glass Bar","Lawnmower Lager",9.99
"Deep Glass Bar","Orca Porter",6.16
"Deep Glass Bar","Blue Whale Ale",9.00
"Deep Glass Bar","Hibiscus Ginger Beer",9.99
"Deep Glass Bar","Amstel Oud Bruin",5.70
"Deep Glass Bar","Amstel Bock",7.72
"Deep Glass Bar","The Highland Stagger",9.99
"Deep Lantern","Viven Porter",8.80
"Deep Lantern","Honey Fayre",5.39
"Deep Lantern","Amstel Malt",6.16
"Deep Lantern","Newark IPA",4.75
"Deep Lantern","Welsh Honey Bitter",7.70
"Deep Lantern","Ballz Deep Double IPA",6.16
"Deep Lantern","Swamp Fox IPA",7.04
"Deep Lantern","Lawnmower Lager",9.99
"Diamond Turtle Inn","Welsh Honey Bitter",7.70
"Diamond Turtle Inn","Nut Brown",9.99
"Diamond Turtle Inn","Cauldron Espresso Stout",9.24
"Diamond Turtle Inn","Holiday Imperial",5.39
"Diamond Turtle Inn","Caldera IPA",6.16
"Different Kumquat Pub","Welsh Pride",5.28
"Different Kumquat Pub","Deviator Doppelbock",6.93
"Different Kumquat Pub","Newark IPA",4.75
"Different Kumquat Pub","Cauldron Espresso Stout",9.24
"Different Kumquat Pub","Caldera Pilsener Bier",7.70
"Different Kumquat Pub","Amstel Bock",7.72
"Different Kumquat Pub","Code Blue",9.50
"Different Kumquat Pub","St. Stephen's Bock",9.68
"Discreet Elderberry Pub","Caldera IPA",6.16
"Discreet Elderberry Pub","Lawnmower Lager",9.99
"Discreet Elderberry Pub","Amstel Gold",9.99
"Discreet Elderberry Pub","Red Moon",9.00
"Discreet Elderberry Pub","Pilot Rock Porter",9.24
"Dizzy Lemon Lounge","Code Blue",9.50
"Dizzy Lemon Lounge","Coconut Porter",9.99
"Dizzy Lemon Lounge","Black Horse Black Beer",9.99
"Dizzy Lemon Lounge","Amstel Light",3.86
"Dizzy Lemon Lounge","Hibiscus Ginger Beer",9.99
"Dizzy Lemon Lounge","Schinderhannes Bock",7.04
"Dizzy Lemon Lounge","St. Stephen's Bock",9.68
"Double Swan Tavern","The Highland Stagger",9.99
"Double Swan Tavern","Sausa Pils",4.75
"Double Swan Tavern","Schinderhannes Bock",7.04
"Double Swan Tavern","Welsh Honey Bitter",7.70
"Double Swan Tavern","Grey Whale Ale",5.39
"Drab Parrots Pub","Welsh Honey Bitter",7.70
"Drab Parrots Pub","Dry Hop Orange",8.55
"Drab Parrots Pub","Inspiration Ale",9.99
"Drab Parrots Pub","Sausa Pils",4.75
"Drab Parrots Pub","Amstel Lentebock",3.85
"Dramatic Crabs","Ashland Amber",9.99
"Dramatic Crabs","Yellowjacket Ale",5.70
"Dramatic Crabs","Holiday Imperial",5.39
"Dramatic Crabs","Blue Whale Ale",9.00
"Dramatic Crabs","Killer Whale Stout",7.07
"Dramatic Crabs","Caldera Pilsener Bier",7.70
"Dramatic Crabs","Coconut Porter",9.99
"Dramatic Crabs","Southside Strong",5.39
"Dramatic Crabs","Viven Porter",8.80
"Dramatic Crabs","Imperial Stout",3.21
"Earthy Bird Pub","Honey Fayre",5.39
"Earthy Bird Pub","Leviathan Imperial Stout",9.00
"Earthy Bird Pub","Emerald Ale",9.99
"Earthy Bird Pub","Schinderhannes Bock",7.04
"Earthy Bird Pub","Coconut Porter",9.99
"Earthy Bird Pub","Pacific Pilsner",9.99
"Earthy Bird Pub","Lawnmower Lager",9.99
"Empty Snapdragon Pub","Viven Porter",8.80
"Empty Snapdragon Pub","Holiday Trappist Style Ale",9.99
"Empty Snapdragon Pub","Amstel Lentebock",3.85
"Empty Snapdragon Pub","Hopportunity Knocks",9.99
"Empty Snapdragon Pub","Amstel Oud Bruin",5.70
"Empty Snapdragon Pub",Megalodon,8.55
"Empty Snapdragon Pub","Yellowjacket Ale",5.70
"Empty Snapdragon Pub","Telford Porter",5.70
"Empty Snapdragon Pub","Hibiscus Ginger Beer",9.99
"Familiar Pony Tavern","Pacific Pilsner",9.99
"Familiar Pony Tavern","Sausa Pils",4.75
"Familiar Pony Tavern","Grey Whale Ale",5.39
"Familiar Pony Tavern","Amstel Oud Bruin",5.70
"Familiar Pony Tavern","Caldera Ginger Beer",6.16
"Familiar Pony Tavern","Amstel Bright",3.86
"Famous Tiger Pub","Amstel Bock",7.72
"Famous Tiger Pub","Amstel Light",3.86
"Famous Tiger Pub","Holiday Imperial",5.39
"Famous Tiger Pub","Lawnmower Lager",9.99
"Famous Tiger Pub","Caldera Oatmeal Stout",8.55
"Fascinated Chick Pub","Telford Porter",5.70
"Fascinated Chick Pub","Imperial Stout",3.21
"Fascinated Chick Pub","Red Moon",9.00
"Fascinated Chick Pub","Sausa Pils",4.75
"Fascinated Chick Pub","Caldera Ginger Beer",6.16
"Fascinated Chick Pub","Columbus India Pale Ale",9.64
"Fascinated Chick Pub","Viven Porter",8.80
"Fascinated Chick Pub","Amstel Malt",6.16
"Fascinated Chick Pub","Old Oakland Ale",7.92
"Fascinated Chick Pub","Kirner Pils Premium",6.16
"Fascinated Demon Pub","Newark IPA",4.75
"Fascinated Demon Pub","Caldera IPA",6.16
"Fascinated Demon Pub","Sausa Pils",4.75
"Fascinated Demon Pub","North Beach Ale",4.40
"Fascinated Demon Pub","St. Stephen's Bock",9.68
"Fearless Drum Bar","The Captain's Porter",9.24
"Fearless Drum Bar","Ashland Amber",9.99
"Fearless Drum Bar","Holiday Ale",9.99
"Fearless Drum Bar","Deviator Doppelbock",6.93
"Fearless Drum Bar","Emerald Ale",9.99
"Fearless Drum Bar","Caldera Oatmeal Stout",8.55
"Fearless Drum Bar","Amstel Bright",3.86
"Fluffy Husband","Columbus India Pale Ale",9.64
"Fluffy Husband","The Captain's Porter",9.24
"Fluffy Husband","Swamp Fox IPA",7.04
"Fluffy Husband","Black Horse Black Beer",9.99
"Fluffy Husband","Celebration Ale",3.86
"Fluffy Husband","Hibiscus Ginger Beer",9.99
"Foamy Cave","Holiday Ale",9.99
"Foamy Cave","Old Growth Imperial Stout",9.68
"Foamy Cave","Imperial Stout",3.21
"Foamy Cave","Viven Porter",8.80
"Foamy Cave","Deviator Doppelbock",6.93
"Foamy Cave","Columbus India Pale Ale",9.64
"Foamy Cave","Caldera Ginger Beer",6.16
"Foamy Cave","Inspiration Ale",9.99
"Foamy Cave","Lawnmower Lager",9.99
"Foamy Cave","Schinderhannes Bock",7.04
"Full Guitar","Blue Whale Ale",9.00
"Full Guitar","Holiday Imperial",5.39
"Full Guitar","Pilot Rock Porter",9.24
"Full Guitar","Amstel Lager",8.55
"Full Guitar","Cauldron Espresso Stout",9.24
"Full Guitar","Old Growth Imperial Stout",9.68
"Full Guitar","Red Moon",9.00
"Full Guitar","Nut Brown",9.99
"Gifted Pillow Inn","Inspiration Ale",9.99
"Gifted Pillow Inn","Grey Whale Ale",5.39
"Gifted Pillow Inn","Cauldron Brew",3.86
"Gifted Pillow Inn","Deviator Doppelbock",6.93
"Gifted Pillow Inn","Emerald Ale",9.99
"Gifted Zebra Tavern","Schinderhannes Bock",7.04
"Gifted Zebra Tavern","Amstel Bright",3.86
"Gifted Zebra Tavern","Caldera IPA",6.16
"Gifted Zebra Tavern","Cauldron Brew",3.86
"Gifted Zebra Tavern","Dry Hop Red",5.39
"Gifted Zebra Tavern",Megalodon,8.55
"Gifted Zebra Tavern","Newark IPA",4.75
"Gifted Zebra Tavern","Lawnmower Lager",9.99
"Gray City",Hefeweizen,9.99
"Gray City","Code Blue",9.50
"Gray City","Nut Brown",9.99
"Gray City","Amstel Lentebock",3.85
"Gray City","Amstel Lager",8.55
"Gray City","Grey Whale Ale",5.39
"Gypsy Root Roadhouse","Kirner Pils Premium",6.16
"Gypsy Root Roadhouse","Inspiration Ale",9.99
"Gypsy Root Roadhouse","Dry Hop Orange",8.55
"Gypsy Root Roadhouse","Grey Whale Ale",5.39
"Gypsy Root Roadhouse","Telford Porter",5.70
"Gypsy Root Roadhouse","Cauldron DIPA",4.40
"Gypsy Root Roadhouse","Welsh Honey Bitter",7.70
"Gypsy Root Roadhouse",Megalodon,8.55
"Harsh Flame Tavern","Swamp Fox IPA",7.04
"Harsh Flame Tavern","Honey Fayre",5.39
"Harsh Flame Tavern","Southside Strong",5.39
"Harsh Flame Tavern","Killer Whale Stout",7.07
"Harsh Flame Tavern","Dry Hop Red",5.39
"Harsh Flame Tavern","Dry Stout",9.99
"Hidden Lady Parlor","Grey Whale Ale",5.39
"Hidden Lady Parlor","Lawnmower Lager",9.99
"Hidden Lady Parlor","Leviathan Imperial Stout",9.00
"Hidden Lady Parlor","Telford Porter",5.70
"Hidden Lady Parlor","Code Blue",9.50
"Hidden Lady Parlor","Inspiration Ale",9.99
"Hidden Lady Parlor","Caldera Oatmeal Stout",8.55
"Hidden Lady Parlor","Newark IPA",4.75
"Hidden Lady Parlor","Holiday Trappist Style Ale",9.99
"Hidden Lady Parlor","Amstel Bock",7.72
"Hidden Table Brewpub","Dry Hop Red",5.39
"Hidden Table Brewpub","Emerald Ale",9.99
"Hidden Table Brewpub","Swamp Fox IPA",7.04
"Hidden Table Brewpub","Old Oakland Ale",7.92
"Hidden Table Brewpub","Kirner Pils Premium",6.16
"Hidden Table Brewpub","St. Stephen's Bock",9.68
"Hidden Table Brewpub","Welsh Pride",5.28
"Hidden Table Brewpub","Celebration Ale",3.86
"Hidden Table Brewpub","The Captain's Porter",9.24
"Hidden Table Brewpub","Amstel Oud Bruin",5.70
"Hissing Ocean Bar","Newark IPA",4.75
"Hissing Ocean Bar","Pacific Pilsner",9.99
"Hissing Ocean Bar","Blue Whale Ale",9.00
"Hissing Ocean Bar","Old Oakland Ale",7.92
"Hissing Ocean Bar","Amstel Lentebock",3.85
"Hissing Ocean Bar","Cauldron Espresso Stout",9.24
"Hissing Ocean Bar","Dry Hop Red",5.39
"Hissing Ocean Bar","Welsh Honey Bitter",7.70
"Hissing Ocean Bar","Swamp Fox IPA",7.04
"Hissing Ocean Bar","Inspiration Ale",9.99
"Hoppy Apple Brewhouse","The Highland Stagger",9.99
"Hoppy Apple Brewhouse","Dry Hop Red",5.39
"Hoppy Apple Brewhouse","Amstel Oud Bruin",5.70
"Hoppy Apple Brewhouse","Caldera Pilsener Bier",7.70
"Hoppy Apple Brewhouse","Amstel Lentebock",3.85
"Hoppy Apple Brewhouse","Deviator Doppelbock",6.93
"Hoppy Apple Brewhouse","Pumpkin Ale",9.99
"Hot Cup Inn","Black Horse Black Beer",9.99
"Hot Cup Inn","Emerald Ale",9.99
"Hot Cup Inn","Amstel Lager",8.55
"Hot Cup Inn","Telford Porter",5.70
"Hot Cup Inn","Holiday Imperial",5.39
"Hot Cup Inn","Cauldron DIPA",4.40
"Hot Cup Inn","Imperial Stout",3.21
"Hot Cup Inn","Pacific Pilsner",9.99
"Hot Cup Inn","Old Growth Imperial Stout",9.68
"Hot Cup Inn","Sausa Pils",4.75
"Hungry Skunks Bar","Hopportunity Knocks",9.99
"Hungry Skunks Bar","Amstel Lager",8.55
"Hungry Skunks Bar","Caldera IPA",6.16
"Hungry Skunks Bar","Schinderhannes Bock",7.04
"Hungry Skunks Bar","Ballz Deep Double IPA",6.16
"Hungry Skunks Bar","Dry Hop Red",5.39
"Hungry Skunks Bar","Southside Strong",5.39
"Hungry Skunks Bar","Old Oakland Ale",7.92
"Hungry Turtle Pub","Caldera Pilsener Bier",7.70
"Hungry Turtle Pub",Megalodon,8.55
"Hungry Turtle Pub","Holiday Trappist Style Ale",9.99
"Hungry Turtle Pub","Amstel Lager",8.55
"Hungry Turtle Pub","Amstel Oud Bruin",5.70
"Hungry Turtle Pub","Holiday Ale",9.99
"Hungry Vanilla Bean Tavern","Caldera Ginger Beer",6.16
"Hungry Vanilla Bean Tavern","Cauldron DIPA",4.40
"Hungry Vanilla Bean Tavern","Old Oakland Ale",7.92
"Hungry Vanilla Bean Tavern","Pilot Rock Porter",9.24
"Hungry Vanilla Bean Tavern","Caldera Pale Ale",5.79
"Hungry Vanilla Bean Tavern","Amstel Bright",3.86
"Hypnotic Gate Tavern","Caldera IPA",6.16
"Hypnotic Gate Tavern","Dry Hop Orange",8.55
"Hypnotic Gate Tavern","Grey Whale Ale",5.39
"Hypnotic Gate Tavern","Emerald Ale",9.99
"Hypnotic Gate Tavern","Welsh Pride",5.28
"Hypnotic Gate Tavern","Caldera Pilsener Bier",7.70
"Hypnotic Gate Tavern","Amstel Malt",6.16
"Icky Elephants Tavern","Telford Porter",5.70
"Icky Elephants Tavern","Killer Whale Stout",7.07
"Icky Elephants Tavern","Red Moon",9.00
"Icky Elephants Tavern","The Highland Stagger",9.99
"Icky Elephants Tavern","St. Stephen's Bock",9.68
"Icky Elephants Tavern","Columbus India Pale Ale",9.64
"Icky Elephants Tavern","The Captain's Porter",9.24
"Icky Elephants Tavern","Nut Brown",9.99
"Icky Elephants Tavern","North Beach Ale",4.40
"Impossible Fire","Nut Brown",9.99
"Impossible Fire","Old Growth Imperial Stout",9.68
"Impossible Fire","Ashland Amber",9.99
"Impossible Fire","Inspiration Ale",9.99
"Impossible Fire","Ballz Deep Double IPA",6.16
"Impossible Fire","Coconut Porter",9.99
"Impossible Fire","Amstel Lentebock",3.85
"Impossible Fire","Viven Porter",8.80
"Impossible Fire","Leviathan Imperial Stout",9.00
"Impossible Fire","Amstel Light",3.86
"Incredible Sailboat Pub","Leviathan Imperial Stout",9.00
"Incredible Sailboat Pub","Schinderhannes Bock",7.04
"Incredible Sailboat Pub","Hopportunity Knocks",9.99
"Incredible Sailboat Pub","Black Horse Black Beer",9.99
"Incredible Sailboat Pub","Vas Deferens Ale",5.79
"Interesting Trumpet Inn","Caldera Pale Ale",5.79
"Interesting Trumpet Inn","Nut Brown",9.99
"Interesting Trumpet Inn","Leviathan Imperial Stout",9.00
"Interesting Trumpet Inn","Pumpkin Ale",9.99
"Interesting Trumpet Inn","Sausa Pils",4.75
"Iron Library Tavern","Honey Fayre",5.39
"Iron Library Tavern","Swamp Fox IPA",7.04
"Iron Library Tavern","The Captain's Porter",9.24
"Iron Library Tavern","Old Growth Imperial Stout",9.68
"Iron Library Tavern",Megalodon,8.55
"Iron Library Tavern","Cauldron DIPA",4.40
"Iron Library Tavern","Amstel Lager",8.55
"Iron Library Tavern","Kirner Pils Premium",6.16
"Iron Tigress Inn","Cauldron Brew",3.86
"Iron Tigress Inn","The Highland Stagger",9.99
"Iron Tigress Inn","Holiday Trappist Style Ale",9.99
"Iron Tigress Inn","Inspiration Ale",9.99
"Iron Tigress Inn",Hefeweizen,9.99
"Iron Tigress Inn","Amstel Lager",8.55
"Iron Tigress Inn","Amstel Malt",6.16
"Iron Tigress Inn","Hop Hash",8.55
"Iron Tigress Inn","Nut Brown",9.99
"Iron Turkey","Holiday Imperial",5.39
"Iron Turkey","Honey Fayre",5.39
"Iron Turkey","Welsh Pride",5.28
"Iron Turkey","Dry Stout",9.99
"Iron Turkey","Dry Hop Orange",8.55
"Iron Turkey","Red Moon",9.00
"Iron Turkey","Deviator Doppelbock",6.93
"Iron Turkey",Hefeweizen,9.99
"Itchy Cheetah Bar","Telford Porter",5.70
"Itchy Cheetah Bar","Amstel Bock",7.72
"Itchy Cheetah Bar","Southside Strong",5.39
"Itchy Cheetah Bar","Hopportunity Knocks",9.99
"Itchy Cheetah Bar","Caldera Oatmeal Stout",8.55
"Itchy Cheetah Bar","Old Oakland Ale",7.92
"Itchy Cheetah Bar","Coconut Porter",9.99
"Itchy Cheetah Bar","Amstel Oud Bruin",5.70
"Ivory Lamb Pub","Vas Deferens Ale",5.79
"Ivory Lamb Pub","Caldera Pilsener Bier",7.70
"Ivory Lamb Pub",Hefeweizen,9.99
"Ivory Lamb Pub","Kirner Pils Premium",6.16
"Ivory Lamb Pub","Dry Hop Red",5.39
"Ivory Lamb Pub","Amstel Light",3.86
"Ivory Lamb Pub","Blue Whale Ale",9.00
"Jaded Pants Pub","Vas Deferens Ale",5.79
"Jaded Pants Pub","Ashland Amber",9.99
"Jaded Pants Pub","Amstel Gold",9.99
"Jaded Pants Pub","Blue Whale Ale",9.00
"Jaded Pants Pub","Celebration Ale",3.86
"Jaded Pants Pub","Hopportunity Knocks",9.99
"Jaded Pants Pub","Imperial Stout",3.21
"Jealous Fiddle Pub","Amstel Lentebock",3.85
"Jealous Fiddle Pub","Cauldron Espresso Stout",9.24
"Jealous Fiddle Pub","Old Growth Imperial Stout",9.68
"Jealous Fiddle Pub","The Highland Stagger",9.99
"Jealous Fiddle Pub","Caldera Oatmeal Stout",8.55
"Jealous Fiddle Pub","Holiday Trappist Style Ale",9.99
"Jealous Fiddle Pub","Imperial Stout",3.21
"Keen Snail Bar","Nut Brown",9.99
"Keen Snail Bar","Holiday Ale",9.99
"Keen Snail Bar","Caldera Oatmeal Stout",8.55
"Keen Snail Bar","Inspiration Ale",9.99
"Keen Snail Bar","Amstel Malt",6.16
"Keen Snail Bar","Hibiscus Ginger Beer",9.99
"Keen Snail Bar","The Highland Stagger",9.99
"Keen Snail Bar",Hefeweizen,9.99
"Keen Snail Bar","Dry Hop Orange",8.55
"Keen Snail Bar","Imperial Stout",3.21
"Latino Magpie","Caldera Pilsener Bier",7.70
"Latino Magpie","Amstel Lager",8.55
"Latino Magpie","Newark IPA",4.75
"Latino Magpie","Hibiscus Ginger Beer",9.99
"Latino Magpie","Welsh Pride",5.28
"Latino Magpie","Ashland Amber",9.99
"Latino Magpie","Holiday Imperial",5.39
"Latino Magpie","Amstel Bright",3.86
"Laughing Elephant Tavern","Red Moon",9.00
"Laughing Elephant Tavern","Caldera Ginger Beer",6.16
"Laughing Elephant Tavern","Caldera IPA",6.16
"Laughing Elephant Tavern","Ashland Amber",9.99
"Laughing Elephant Tavern","Coconut Porter",9.99
"Laughing Elephant Tavern","Orca Porter",6.16
"Laughing Elephant Tavern","Sausa Pils",4.75
"Little Elixir Club","Hopportunity Knocks",9.99
"Little Elixir Club","Amstel Lager",8.55
"Little Elixir Club","Blue Whale Ale",9.00
"Little Elixir Club","Dry Hop Red",5.39
"Little Elixir Club","Caldera Pale Ale",5.79
"Little Elixir Club","Yellowjacket Ale",5.70
"Lively Elf","Caldera Pale Ale",5.79
"Lively Elf","Code Blue",9.50
"Lively Elf","Holiday Imperial",5.39
"Lively Elf","Welsh Honey Bitter",7.70
"Lively Elf","The Highland Stagger",9.99
"Lonely Snowdrop","Cauldron Brew",3.86
"Lonely Snowdrop","Caldera Ginger Beer",6.16
"Lonely Snowdrop","Hopportunity Knocks",9.99
"Lonely Snowdrop","Holiday Ale",9.99
"Lonely Snowdrop","Caldera Pilsener Bier",7.70
"Lonely Snowdrop","Yellowjacket Ale",5.70
"Lonely Snowdrop","Amstel Malt",6.16
"Loud Elderberry Bar","Amstel Lager",8.55
"Loud Elderberry Bar","Caldera IPA",6.16
"Loud Elderberry Bar","Schinderhannes Bock",7.04
"Loud Elderberry Bar","Yellowjacket Ale",5.70
"Loud Elderberry Bar","Caldera Ginger Beer",6.16
"Loud Elderberry Bar","Red Moon",9.00
"Lying Explorer Tavern","Yellowjacket Ale",5.70
"Lying Explorer Tavern","Caldera Pilsener Bier",7.70
"Lying Explorer Tavern","Amstel Light",3.86
"Lying Explorer Tavern","Columbus India Pale Ale",9.64
"Lying Explorer Tavern","Amstel Lentebock",3.85
"Lying Explorer Tavern","Deviator Doppelbock",6.93
"Lying Explorer Tavern","North Beach Ale",4.40
"Lying Explorer Tavern","Old Oakland Ale",7.92
"Lying Explorer Tavern","Schinderhannes Bock",7.04
"Magnificent Dark Elf Bar","Holiday Trappist Style Ale",9.99
"Magnificent Dark Elf Bar","Hopportunity Knocks",9.99
"Magnificent Dark Elf Bar","Code Blue",9.50
"Magnificent Dark Elf Bar","Grey Whale Ale",5.39
"Magnificent Dark Elf Bar","Deviator Doppelbock",6.93
"Middle Cushion Bar","Hibiscus Ginger Beer",9.99
"Middle Cushion Bar","Cauldron Espresso Stout",9.24
"Middle Cushion Bar","Pumpkin Ale",9.99
"Middle Cushion Bar","Southside Strong",5.39
"Middle Cushion Bar","Caldera Ginger Beer",6.16
"Mixing Demon Pub","Red Moon",9.00
"Mixing Demon Pub","Holiday Ale",9.99
"Mixing Demon Pub","Dry Stout",9.99
"Mixing Demon Pub","Southside Strong",5.39
"Mixing Demon Pub","Cauldron DIPA",4.40
"Molten Ants Bar","Emerald Ale",9.99
"Molten Ants Bar","Grey Whale Ale",5.39
"Molten Ants Bar","Amstel Light",3.86
"Molten Ants Bar","The Highland Stagger",9.99
"Molten Ants Bar","Blue Whale Ale",9.00
"Molten Ants Bar","Newark IPA",4.75
"Natural Leopard","Imperial Stout",3.21
"Natural Leopard","Pacific Pilsner",9.99
"Natural Leopard","Leviathan Imperial Stout",9.00
"Natural Leopard","Yellowjacket Ale",5.70
"Natural Leopard","The Captain's Porter",9.24
"Natural Leopard","Kirner Pils Premium",6.16
"Natural Leopard","Grey Whale Ale",5.39
"Natural Leopard","Lawnmower Lager",9.99
"Natural Squash Tavern","Pacific Pilsner",9.99
"Natural Squash Tavern","Amstel Lentebock",3.85
"Natural Squash Tavern","Emerald Ale",9.99
"Natural Squash Tavern","Red Moon",9.00
"Natural Squash Tavern","Newark IPA",4.75
"Natural Squash Tavern","Holiday Ale",9.99
"Natural Squash Tavern",Megalodon,8.55
"Natural Squash Tavern","Code Blue",9.50
"Natural Squash Tavern","Hopportunity Knocks",9.99
"Natural Squash Tavern","Amstel Light",3.86
"Naughty Bean Inn",Hefeweizen,9.99
"Naughty Bean Inn","Dry Stout",9.99
"Naughty Bean Inn","Dry Hop Red",5.39
"Naughty Bean Inn","Caldera Oatmeal Stout",8.55
"Naughty Bean Inn","Exotic Erotic Passion Fruit Ale",9.99
"Naughty Bean Inn","Hopportunity Knocks",9.99
"Naughty Bean Inn","Honey Fayre",5.39
"Naughty Bean Inn","Lawnmower Lager",9.99
"Naughty Bean Inn","Code Blue",9.50
"Naughty Bean Inn","Caldera IPA",6.16
"Needy Mind Tavern","Amstel Malt",6.16
"Needy Mind Tavern","Celebration Ale",3.86
"Needy Mind Tavern","Columbus India Pale Ale",9.64
"Needy Mind Tavern","Holiday Imperial",5.39
"Needy Mind Tavern","Exotic Erotic Passion Fruit Ale",9.99
"Needy Mind Tavern","Pumpkin Ale",9.99
"Needy Mind Tavern","Amstel Lager",8.55
"Nervous Jaguar Inn","Amstel Light",3.86
"Nervous Jaguar Inn","Imperial Stout",3.21
"Nervous Jaguar Inn","Old Oakland Ale",7.92
"Nervous Jaguar Inn","Deviator Doppelbock",6.93
"Nervous Jaguar Inn","Dry Hop Red",5.39
"Nervous Jaguar Inn","Emerald Ale",9.99
"Nervous Mountain Inn","Amstel Bright",3.86
"Nervous Mountain Inn","Red Moon",9.00
"Nervous Mountain Inn","Imperial Stout",3.21
"Nervous Mountain Inn","Killer Whale Stout",7.07
"Nervous Mountain Inn","Amstel Lager",8.55
"New Spider Bar","Inspiration Ale",9.99
"New Spider Bar","Dry Hop Orange",8.55
"New Spider Bar","Amstel Light",3.86
"New Spider Bar","Yellowjacket Ale",5.70
"New Spider Bar","Hibiscus Ginger Beer",9.99
"New Spider Bar","Hopportunity Knocks",9.99
"New Spider Bar","Deviator Doppelbock",6.93
"New Spider Bar","Holiday Imperial",5.39
"New Spider Bar","Cauldron Brew",3.86
"New Spider Bar","Honey Fayre",5.39
"Nifty Branch Inn","Welsh Pride",5.28
"Nifty Branch Inn","Amstel Bock",7.72
"Nifty Branch Inn","Amstel Gold",9.99
"Nifty Branch Inn","Columbus India Pale Ale",9.64
"Nifty Branch Inn","Imperial Stout",3.21
"Nifty Branch Inn","Cauldron Brew",3.86
"Nifty Branch Inn","Old Growth Imperial Stout",9.68
"Nimble Squash",Megalodon,8.55
"Nimble Squash","Vas Deferens Ale",5.79
"Nimble Squash","Hop Hash",8.55
"Nimble Squash","Black Horse Black Beer",9.99
"Nimble Squash","The Highland Stagger",9.99
"Nimble Squash","Leviathan Imperial Stout",9.00
"Nimble Squash","The Captain's Porter",9.24
"Nimble Squash","Ballz Deep Double IPA",6.16
"Nimble Stream Pub","Schinderhannes Bock",7.04
"Nimble Stream Pub",Hefeweizen,9.99
"Nimble Stream Pub","Holiday Trappist Style Ale",9.99
"Nimble Stream Pub","Amstel Lentebock",3.85
"Nimble Stream Pub","Holiday Imperial",5.39
"Nimble Stream Pub","Ashland Amber",9.99
"Nimble Stream Pub","Amstel Oud Bruin",5.70
"Nimble Stream Pub","Nut Brown",9.99
"Nimble Stream Pub","Welsh Pride",5.28
"Nimble Stream Pub","Columbus India Pale Ale",9.64
"Oceanic Knight Inn","Dry Stout",9.99
"Oceanic Knight Inn","Cauldron DIPA",4.40
"Oceanic Knight Inn","Hibiscus Ginger Beer",9.99
"Oceanic Knight Inn","Old Growth Imperial Stout",9.68
"Oceanic Knight Inn","Red Moon",9.00
"Oceanic Knight Inn","Honey Fayre",5.39
"Oceanic Knight Inn","Blue Whale Ale",9.00
"Oceanic Knight Inn","Amstel Gold",9.99
"Oceanic Woodpecker Inn","Cauldron Brew",3.86
"Oceanic Woodpecker Inn","North Beach Ale",4.40
"Oceanic Woodpecker Inn","Grey Whale Ale",5.39
"Oceanic Woodpecker Inn","Red Moon",9.00
"Oceanic Woodpecker Inn","Emerald Ale",9.99
"Organic Buffalo Bar","Caldera Pilsener Bier",7.70
"Organic Buffalo Bar","Leviathan Imperial Stout",9.00
"Organic Buffalo Bar","Amstel Light",3.86
"Organic Buffalo Bar","Black Horse Black Beer",9.99
"Organic Buffalo Bar","Amstel Malt",6.16
"Organic Buffalo Bar","Caldera Oatmeal Stout",8.55
"Organic Buffalo Bar","Telford Porter",5.70
"Organic Buffalo Bar","Dry Hop Red",5.39
"Organic Buffalo Bar","Amstel Lager",8.55
"Original Acorn Roadhouse","Killer Whale Stout",7.07
"Original Acorn Roadhouse","Caldera Pale Ale",5.79
"Original Acorn Roadhouse","Dry Stout",9.99
"Original Acorn Roadhouse","Hibiscus Ginger Beer",9.99
"Original Acorn Roadhouse","Exotic Erotic Passion Fruit Ale",9.99
"Original Horse Brewpub","Hibiscus Ginger Beer",9.99
"Original Horse Brewpub","Caldera Oatmeal Stout",8.55
"Original Horse Brewpub","Deviator Doppelbock",6.93
"Original Horse Brewpub","Vas Deferens Ale",5.79
"Original Horse Brewpub",Hefeweizen,9.99
"Original Horse Brewpub","The Highland Stagger",9.99
"Original Horse Brewpub","Coconut Porter",9.99
"Outrageous Sailboat Inn","Old Growth Imperial Stout",9.68
"Outrageous Sailboat Inn","Southside Strong",5.39
"Outrageous Sailboat Inn","Caldera Ginger Beer",6.16
"Outrageous Sailboat Inn","Nut Brown",9.99
"Outrageous Sailboat Inn","Imperial Stout",3.21
"Overrated Pigeons Pub","Amstel Lentebock",3.85
"Overrated Pigeons Pub","Swamp Fox IPA",7.04
"Overrated Pigeons Pub","Caldera IPA",6.16
"Overrated Pigeons Pub","Lawnmower Lager",9.99
"Overrated Pigeons Pub","Cauldron Brew",3.86
"Overrated Pigeons Pub","Grey Whale Ale",5.39
"Overrated Pigeons Pub","Columbus India Pale Ale",9.64
"Parallel Pegasus Bar","Caldera IPA",6.16
"Parallel Pegasus Bar","Southside Strong",5.39
"Parallel Pegasus Bar","Pilot Rock Porter",9.24
"Parallel Pegasus Bar","Nut Brown",9.99
"Parallel Pegasus Bar","Caldera Oatmeal Stout",8.55
"Parallel Pegasus Bar","Honey Fayre",5.39
"Parallel Pegasus Bar","Yellowjacket Ale",5.70
"Peaceful Bison","Welsh Honey Bitter",7.70
"Peaceful Bison","Amstel Oud Bruin",5.70
"Peaceful Bison","Exotic Erotic Passion Fruit Ale",9.99
"Peaceful Bison","Grey Whale Ale",5.39
"Peaceful Bison","Celebration Ale",3.86
"Peaceful Bison","Holiday Imperial",5.39
"Peaceful Bison","Honey Fayre",5.39
"Peaceful Bison","Nut Brown",9.99
"Perfect Rabbit Tavern","Cauldron Brew",3.86
"Perfect Rabbit Tavern","Caldera IPA",6.16
"Perfect Rabbit Tavern","Kirner Pils Premium",6.16
"Perfect Rabbit Tavern","St. Stephen's Bock",9.68
"Perfect Rabbit Tavern","Amstel Lentebock",3.85
"Perfect Rabbit Tavern","Caldera Oatmeal Stout",8.55
"Pleasant Parrot Tavern","Leviathan Imperial Stout",9.00
"Pleasant Parrot Tavern","Holiday Imperial",5.39
"Pleasant Parrot Tavern","Holiday Ale",9.99
"Pleasant Parrot Tavern","Pilot Rock Porter",9.24
"Pleasant Parrot Tavern","Southside Strong",5.39
"Pleasant Parrot Tavern","Amstel Lentebock",3.85
"Pleasant Parrot Tavern","Cauldron Brew",3.86
"Pleasant Parrot Tavern","North Beach Ale",4.40
"Poor Bats Inn","Amstel Lentebock",3.85
"Poor Bats Inn","Welsh Pride",5.28
"Poor Bats Inn","Dry Stout",9.99
"Poor Bats Inn","Cauldron DIPA",4.40
"Poor Bats Inn","Lawnmower Lager",9.99
"Poor Bats Inn","Cauldron Espresso Stout",9.24
"Poor Bats Inn","Pumpkin Ale",9.99
"Poor Bats Inn","North Beach Ale",4.40
"Poor Bats Inn","Hop Hash",8.55
"Poor Bats Inn","Holiday Trappist Style Ale",9.99
"Proud Spiders","Southside Strong",5.39
"Proud Spiders","Ashland Amber",9.99
"Proud Spiders","Pilot Rock Porter",9.24
"Proud Spiders","The Captain's Porter",9.24
"Proud Spiders","Cauldron Espresso Stout",9.24
"Proud Spiders","The Highland Stagger",9.99
"Proud Spiders","Orca Porter",6.16
"Proud Spiders","Exotic Erotic Passion Fruit Ale",9.99
"Psychotic Seadog","Honey Fayre",5.39
"Psychotic Seadog","Schinderhannes Bock",7.04
"Psychotic Seadog","Caldera IPA",6.16
"Psychotic Seadog","Holiday Imperial",5.39
"Psychotic Seadog","Leviathan Imperial Stout",9.00
"Psychotic Seadog","Old Growth Imperial Stout",9.68
"Psychotic Seadog","Cauldron DIPA",4.40
"Psychotic Seadog",Hefeweizen,9.99
"Psychotic Seadog","Imperial Stout",3.21
"Purple Pint Bar and Grille","Pacific Pilsner",9.99
"Purple Pint Bar and Grille","Kirner Pils Premium",6.16
"Purple Pint Bar and Grille","Nut Brown",9.99
"Purple Pint Bar and Grille","Emerald Ale",9.99
"Purple Pint Bar and Grille","Dry Hop Red",5.39
"Purple Pint Bar and Grille","Ballz Deep Double IPA",6.16
"Purple Pint Bar and Grille","Amstel Lager",8.55
"Purple Pint Bar and Grille","Imperial Stout",3.21
"Purple Pint Bar and Grille","Amstel Lentebock",3.85
"Purple Pint Bar and Grille","Viven Porter",8.80
"Quickest Doves","Orca Porter",6.16
"Quickest Doves","Amstel Malt",6.16
"Quickest Doves","Old Oakland Ale",7.92
"Quickest Doves","Deviator Doppelbock",6.93
"Quickest Doves","Swamp Fox IPA",7.04
"Quickest Doves","Ashland Amber",9.99
"Quickest Doves","Exotic Erotic Passion Fruit Ale",9.99
"Quickest Doves","Schinderhannes Bock",7.04
"Rainy Lime Tavern","The Highland Stagger",9.99
"Rainy Lime Tavern","Telford Porter",5.70
"Rainy Lime Tavern","The Captain's Porter",9.24
"Rainy Lime Tavern","Dry Stout",9.99
"Rainy Lime Tavern","Dry Hop Orange",8.55
"Rainy Lime Tavern","Caldera IPA",6.16
"Rainy Lime Tavern","Honey Fayre",5.39
"Rainy Lime Tavern","Emerald Ale",9.99
"Real Shark Inn","Grey Whale Ale",5.39
"Real Shark Inn","Dry Hop Orange",8.55
"Real Shark Inn","Inspiration Ale",9.99
"Real Shark Inn","The Highland Stagger",9.99
"Real Shark Inn","Yellowjacket Ale",5.70
"Regular Drum Tavern","Amstel Gold",9.99
"Regular Drum Tavern","Caldera Ginger Beer",6.16
"Regular Drum Tavern","Amstel Bock",7.72
"Regular Drum Tavern","St. Stephen's Bock",9.68
"Regular Drum Tavern","Amstel Malt",6.16
"Regular Drum Tavern","Amstel Light",3.86
"Regular Drum Tavern","Ashland Amber",9.99
"Regular Drum Tavern","Deviator Doppelbock",6.93
"Responsible Chair","Amstel Gold",9.99
"Responsible Chair","Inspiration Ale",9.99
"Responsible Chair","Nut Brown",9.99
"Responsible Chair","Viven Porter",8.80
"Responsible Chair","The Highland Stagger",9.99
"Rich Tauren Bar","Nut Brown",9.99
"Rich Tauren Bar","Schinderhannes Bock",7.04
"Rich Tauren Bar","Holiday Ale",9.99
"Rich Tauren Bar","Code Blue",9.50
"Rich Tauren Bar",Megalodon,8.55
"Rich Tauren Bar","Welsh Pride",5.28
"Rich Tauren Bar","Ballz Deep Double IPA",6.16
"Russian Otter Pub","Nut Brown",9.99
"Russian Otter Pub","Grey Whale Ale",5.39
"Russian Otter Pub","Ashland Amber",9.99
"Russian Otter Pub","Imperial Stout",3.21
"Russian Otter Pub","Welsh Pride",5.28
"Russian Otter Pub","Red Moon",9.00
"Russian Otter Pub","Amstel Malt",6.16
"Rusty Sailor Outpost","Orca Porter",6.16
"Rusty Sailor Outpost","Holiday Trappist Style Ale",9.99
"Rusty Sailor Outpost","Amstel Lentebock",3.85
"Rusty Sailor Outpost",Megalodon,8.55
"Rusty Sailor Outpost","Amstel Oud Bruin",5.70
"Rusty Sailor Outpost","Welsh Honey Bitter",7.70
"Rusty Sailor Outpost","Old Oakland Ale",7.92
"Rusty Sailor Outpost","Pacific Pilsner",9.99
"Rusty Sailor Outpost","Caldera Pilsener Bier",7.70
"Rusty Sailor Outpost","Emerald Ale",9.99
"Ruthless Chestnut","Cauldron Brew",3.86
"Ruthless Chestnut","Blue Whale Ale",9.00
"Ruthless Chestnut","Hibiscus Ginger Beer",9.99
"Ruthless Chestnut","Pilot Rock Porter",9.24
"Ruthless Chestnut","Code Blue",9.50
"Ruthless Chestnut","Caldera Ginger Beer",6.16
"Ruthless Chestnut","Black Horse Black Beer",9.99
"Ruthless Chestnut","Vas Deferens Ale",5.79
"Safe Palm Inn","Welsh Pride",5.28
"Safe Palm Inn",Megalodon,8.55
"Safe Palm Inn","Hibiscus Ginger Beer",9.99
"Safe Palm Inn","Telford Porter",5.70
"Safe Palm Inn","Lawnmower Lager",9.99
"Safe Palm Inn","Caldera IPA",6.16
"Safe Palm Inn","Welsh Honey Bitter",7.70
"Safe Palm Inn","Caldera Ginger Beer",6.16
"Safe Palm Inn","Imperial Stout",3.21
"Safe Palm Inn","Holiday Trappist Style Ale",9.99
"Scared Crossbow Tavern","Dry Hop Orange",8.55
"Scared Crossbow Tavern","The Captain's Porter",9.24
"Scared Crossbow Tavern","Columbus India Pale Ale",9.64
"Scared Crossbow Tavern","Holiday Imperial",5.39
"Scared Crossbow Tavern","Holiday Trappist Style Ale",9.99
"Scared Crossbow Tavern","Black Horse Black Beer",9.99
"Scared Crossbow Tavern","Ashland Amber",9.99
"Scared Crossbow Tavern","Welsh Pride",5.28
"Scared Crossbow Tavern","Caldera IPA",6.16
"Scared Crossbow Tavern","Celebration Ale",3.86
"Scary Kiwi","Swamp Fox IPA",7.04
"Scary Kiwi","Celebration Ale",3.86
"Scary Kiwi","Hop Hash",8.55
"Scary Kiwi","Cauldron DIPA",4.40
"Scary Kiwi",Hefeweizen,9.99
"Scary Kiwi","Code Blue",9.50
"Scary Kiwi","Caldera Ginger Beer",6.16
"Scary Kiwi","Ashland Amber",9.99
"Scary Kiwi","The Highland Stagger",9.99
"Shattered Oak","Ballz Deep Double IPA",6.16
"Shattered Oak","Kirner Pils Premium",6.16
"Shattered Oak","Amstel Lentebock",3.85
"Shattered Oak","Columbus India Pale Ale",9.64
"Shattered Oak","Amstel Oud Bruin",5.70
"Shattered Oak","Holiday Trappist Style Ale",9.99
"Shattered Oak",Megalodon,8.55
"Shattered Oak","Exotic Erotic Passion Fruit Ale",9.99
"Shattered Oak","Schinderhannes Bock",7.04
"Shattered Oak","Welsh Pride",5.28
"Shouting Snake Inn","Holiday Ale",9.99
"Shouting Snake Inn","Hop Hash",8.55
"Shouting Snake Inn","St. Stephen's Bock",9.68
"Shouting Snake Inn","Telford Porter",5.70
"Shouting Snake Inn","Caldera Oatmeal Stout",8.55
"Shouting Snake Inn","The Captain's Porter",9.24
"Shouting Snake Inn","Columbus India Pale Ale",9.64
"Shouting Snake Inn","Newark IPA",4.75
"Shouting Snake Inn",Hefeweizen,9.99
"Shouting Snake Inn","Amstel Bock",7.72
"Skinny Guitar","Dry Hop Red",5.39
"Skinny Guitar","Caldera Pale Ale",5.79
"Skinny Guitar","Cauldron DIPA",4.40
"Skinny Guitar","Caldera Oatmeal Stout",8.55
"Skinny Guitar","Honey Fayre",5.39
"Skinny Guitar","North Beach Ale",4.40
"Skinny Guitar","Welsh Honey Bitter",7.70
"Smelly Crane Tavern","Celebration Ale",3.86
"Smelly Crane Tavern","Orca Porter",6.16
"Smelly Crane Tavern","Swamp Fox IPA",7.04
"Smelly Crane Tavern","Ashland Amber",9.99
"Smelly Crane Tavern","Ballz Deep Double IPA",6.16
"Smelly Crane Tavern","Amstel Bright",3.86
"Smelly Crane Tavern","Welsh Pride",5.28
"Smelly Crane Tavern","Emerald Ale",9.99
"Snobbish Jackal Inn","Viven Porter",8.80
"Snobbish Jackal Inn","Amstel Gold",9.99
"Snobbish Jackal Inn","Caldera IPA",6.16
"Snobbish Jackal Inn","Amstel Malt",6.16
"Snobbish Jackal Inn","Holiday Imperial",5.39
"Snobbish Jackal Inn","North Beach Ale",4.40
"Sore Head","Welsh Honey Bitter",7.70
"Sore Head","Southside Strong",5.39
"Sore Head","Inspiration Ale",9.99
"Sore Head","Dry Stout",9.99
"Sore Head","Schinderhannes Bock",7.04
"Sore Head","Amstel Bright",3.86
"Sore Head","Holiday Ale",9.99
"Sour Axe Bar","Vas Deferens Ale",5.79
"Sour Axe Bar","Cauldron DIPA",4.40
"Sour Axe Bar","Viven Porter",8.80
"Sour Axe Bar","Pumpkin Ale",9.99
"Sour Axe Bar","Caldera Oatmeal Stout",8.55
"Spicy Cats Tavern","Honey Fayre",5.39
"Spicy Cats Tavern","Telford Porter",5.70
"Spicy Cats Tavern","Amstel Gold",9.99
"Spicy Cats Tavern","Pilot Rock Porter",9.24
"Spicy Cats Tavern","Amstel Malt",6.16
"Spicy Cats Tavern","Amstel Oud Bruin",5.70
"Spicy Cats Tavern","Nut Brown",9.99
"Spicy Cats Tavern","Ashland Amber",9.99
"Spicy Cats Tavern","Leviathan Imperial Stout",9.00
"Spicy Cats Tavern","Amstel Bright",3.86
"Spinning Nomad Ale House","Dry Stout",9.99
"Spinning Nomad Ale House","Ballz Deep Double IPA",6.16
"Spinning Nomad Ale House","North Beach Ale",4.40
"Spinning Nomad Ale House","Holiday Ale",9.99
"Spinning Nomad Ale House","Swamp Fox IPA",7.04
"Spirited Brew Saloon","Caldera Ginger Beer",6.16
"Spirited Brew Saloon","Newark IPA",4.75
"Spirited Brew Saloon","Amstel Gold",9.99
"Spirited Brew Saloon","Amstel Light",3.86
"Spirited Brew Saloon","Holiday Ale",9.99
"Spirited Brew Saloon","Hopportunity Knocks",9.99
"Spirited Brew Saloon","Cauldron DIPA",4.40
"Spirited Brew Saloon","Caldera Pale Ale",5.79
"Spirited Brew Saloon","Caldera Oatmeal Stout",8.55
"Steel Elf","Old Oakland Ale",7.92
"Steel Elf","Caldera Pilsener Bier",7.70
"Steel Elf","Caldera Ginger Beer",6.16
"Steel Elf","Celebration Ale",3.86
"Steel Elf","Amstel Oud Bruin",5.70
"Steel Elf","Honey Fayre",5.39
"Steel Elf","St. Stephen's Bock",9.68
"Steel Elf","Kirner Pils Premium",6.16
"Steel Yew","Swamp Fox IPA",7.04
"Steel Yew","Coconut Porter",9.99
"Steel Yew","Columbus India Pale Ale",9.64
"Steel Yew","Hibiscus Ginger Beer",9.99
"Steel Yew","Old Growth Imperial Stout",9.68
"Sudden Dragon Bar","Nut Brown",9.99
"Sudden Dragon Bar","Cauldron Brew",3.86
"Sudden Dragon Bar","Celebration Ale",3.86
"Sudden Dragon Bar","Old Oakland Ale",7.92
"Sudden Dragon Bar","Vas Deferens Ale",5.79
"Sudden Dragon Bar","Coconut Porter",9.99
"Sudden Dragon Bar","Honey Fayre",5.39
"Sudden Dragon Bar","Blue Whale Ale",9.00
"Sudden Octopus","Newark IPA",4.75
"Sudden Octopus","Pilot Rock Porter",9.24
"Sudden Octopus","Orca Porter",6.16
"Sudden Octopus","Amstel Bock",7.72
"Sudden Octopus","Grey Whale Ale",5.39
"Sudden Octopus","Leviathan Imperial Stout",9.00
"Sudden Octopus","Telford Porter",5.70
"Sudden Octopus","Amstel Bright",3.86
"Sudden Octopus","Sausa Pils",4.75
"Sweet And Sour Castle Bar","Amstel Lager",8.55
"Sweet And Sour Castle Bar","Inspiration Ale",9.99
"Sweet And Sour Castle Bar","Deviator Doppelbock",6.93
"Sweet And Sour Castle Bar","Yellowjacket Ale",5.70
"Sweet And Sour Castle Bar","Old Oakland Ale",7.92
"Sweet And Sour Castle Bar","Old Growth Imperial Stout",9.68
"Sweet And Sour Castle Bar","Hop Hash",8.55
"Sweet And Sour Castle Bar","Kirner Pils Premium",6.16
"Sweet And Sour Castle Bar","Black Horse Black Beer",9.99
"Sweet And Sour Castle Bar","Red Moon",9.00
"Swift Angels Pub","Holiday Trappist Style Ale",9.99
"Swift Angels Pub","North Beach Ale",4.40
"Swift Angels Pub","Pumpkin Ale",9.99
"Swift Angels Pub","Cauldron Brew",3.86
"Swift Angels Pub","Celebration Ale",3.86
"Tacky Lyre Pub","Exotic Erotic Passion Fruit Ale",9.99
"Tacky Lyre Pub",Megalodon,8.55
"Tacky Lyre Pub","Cauldron Espresso Stout",9.24
"Tacky Lyre Pub","Southside Strong",5.39
"Tacky Lyre Pub","Old Oakland Ale",7.92
"Tacky Lyre Pub","Yellowjacket Ale",5.70
"Tasty Fairy Tavern","St. Stephen's Bock",9.68
"Tasty Fairy Tavern","Hopportunity Knocks",9.99
"Tasty Fairy Tavern","Old Growth Imperial Stout",9.68
"Tasty Fairy Tavern","Amstel Gold",9.99
"Tasty Fairy Tavern","Hop Hash",8.55
"Tasty Fairy Tavern","Amstel Lentebock",3.85
"Tasty Fairy Tavern","Dry Hop Red",5.39
"Teeny Gauntlet Bar","Orca Porter",6.16
"Teeny Gauntlet Bar","Emerald Ale",9.99
"Teeny Gauntlet Bar","Caldera Ginger Beer",6.16
"Teeny Gauntlet Bar","Pacific Pilsner",9.99
"Teeny Gauntlet Bar","Caldera IPA",6.16
"Teeny Gauntlet Bar","Caldera Pale Ale",5.79
"Thundering Table Inn","Amstel Bright",3.86
"Thundering Table Inn","Emerald Ale",9.99
"Thundering Table Inn","Caldera Ginger Beer",6.16
"Thundering Table Inn","Pacific Pilsner",9.99
"Thundering Table Inn","Caldera IPA",6.16
"Thundering Table Inn","Pumpkin Ale",9.99
"Thundering Table Inn","Kirner Pils Premium",6.16
"Thundering Table Inn",Hefeweizen,9.99
"Thundering Table Inn","Inspiration Ale",9.99
"Triangular Pegasus Inn","Holiday Trappist Style Ale",9.99
"Triangular Pegasus Inn","Old Oakland Ale",7.92
"Triangular Pegasus Inn","Amstel Light",3.86
"Triangular Pegasus Inn","Cauldron Brew",3.86
"Triangular Pegasus Inn","Swamp Fox IPA",7.04
"Triangular Pegasus Inn","Sausa Pils",4.75
"Triangular Pegasus Inn","Holiday Ale",9.99
"Triangular Pegasus Inn","Lawnmower Lager",9.99
"Triangular Pegasus Inn","Blue Whale Ale",9.00
"Twelve Spider Inn","Hopportunity Knocks",9.99
"Twelve Spider Inn","Viven Porter",8.80
"Twelve Spider Inn","Ashland Amber",9.99
"Twelve Spider Inn","Coconut Porter",9.99
"Twelve Spider Inn","Southside Strong",5.39
"Twelve Spider Inn","Columbus India Pale Ale",9.64
"Twelve Spider Inn","Dry Stout",9.99
"Twelve Spider Inn",Hefeweizen,9.99
"Twelve Spider Inn","Caldera IPA",6.16
"Twelve Spider Inn","Hibiscus Ginger Beer",9.99
"Ugliest Pants Tavern","Imperial Stout",3.21
"Ugliest Pants Tavern","Schinderhannes Bock",7.04
"Ugliest Pants Tavern","Inspiration Ale",9.99
"Ugliest Pants Tavern","Dry Hop Red",5.39
"Ugliest Pants Tavern","Amstel Light",3.86
"Ugliest Pants Tavern","Caldera Pilsener Bier",7.70
"Ugliest Pants Tavern","Vas Deferens Ale",5.79
"Uneven Ants Tavern","Exotic Erotic Passion Fruit Ale",9.99
"Uneven Ants Tavern","Honey Fayre",5.39
"Uneven Ants Tavern","Dry Stout",9.99
"Uneven Ants Tavern","Pilot Rock Porter",9.24
"Uneven Ants Tavern","Ashland Amber",9.99
"Uneven Ants Tavern","Nut Brown",9.99
"Uneven Ants Tavern","Caldera Oatmeal Stout",8.55
"Uneven Ants Tavern","Hibiscus Ginger Beer",9.99
"Uneven Ants Tavern","Hop Hash",8.55
"Unusual Truffle","Amstel Lentebock",3.85
"Unusual Truffle","Grey Whale Ale",5.39
"Unusual Truffle","Kirner Pils Premium",6.16
"Unusual Truffle","Pilot Rock Porter",9.24
"Unusual Truffle","Hopportunity Knocks",9.99
"Unusual Truffle","Code Blue",9.50
"Venomous River Inn","Pumpkin Ale",9.99
"Venomous River Inn","Amstel Bright",3.86
"Venomous River Inn","Lawnmower Lager",9.99
"Venomous River Inn","Blue Whale Ale",9.00
"Venomous River Inn","Newark IPA",4.75
"Venomous River Inn","North Beach Ale",4.40
"Venomous River Inn","Welsh Honey Bitter",7.70
"Venomous River Inn",Hefeweizen,9.99
"Venomous River Inn","Amstel Bock",7.72
"Venomous River Inn","Dry Stout",9.99
"Wicked Stream","Caldera Pale Ale",5.79
"Wicked Stream","Hopportunity Knocks",9.99
"Wicked Stream","Grey Whale Ale",5.39
"Wicked Stream","North Beach Ale",4.40
"Wicked Stream","The Highland Stagger",9.99
"Wicked Stream","Welsh Pride",5.28
"Wicked Stream","Leviathan Imperial Stout",9.00
"Wild Hag Bar","Amstel Light",3.86
"Wild Hag Bar",Megalodon,8.55
"Wild Hag Bar","Ashland Amber",9.99
"Wild Hag Bar","Grey Whale Ale",5.39
"Wild Hag Bar","Newark IPA",4.75
"Wild Hag Bar","Amstel Oud Bruin",5.70
"Wild Hag Bar","Caldera Pilsener Bier",7.70
"Windy Harp","Red Moon",9.00
"Windy Harp","Viven Porter",8.80
"Windy Harp","Ballz Deep Double IPA",6.16
"Windy Harp","Vas Deferens Ale",5.79
"Windy Harp","Imperial Stout",3.21
"Windy Harp","Amstel Bock",7.72
"Windy Harp","Holiday Imperial",5.39
"Windy Harp","Grey Whale Ale",5.39
"Wretched Grape Inn","Amstel Oud Bruin",5.70
"Wretched Grape Inn",Megalodon,8.55
"Wretched Grape Inn","Deviator Doppelbock",6.93
"Wretched Grape Inn","Hop Hash",8.55
"Wretched Grape Inn","Amstel Gold",9.99
"Wretched Grape Inn","Lawnmower Lager",9.99
"Wretched Grape Inn","Yellowjacket Ale",5.70
"Wretched Grape Inn","Red Moon",9.00
"Wretched Grape Inn","Inspiration Ale",9.99
"Wretched Grape Inn","Celebration Ale",3.86
"Wrong Whip Bar","Caldera Pilsener Bier",7.70
"Wrong Whip Bar","Amstel Light",3.86
"Wrong Whip Bar","Hibiscus Ginger Beer",9.99
"Wrong Whip Bar","Blue Whale Ale",9.00
"Wrong Whip Bar","Old Oakland Ale",7.92
"Wrong Whip Bar","Imperial Stout",3.21
"Wrong Whip Bar","Caldera Pale Ale",5.79
"Wrong Whip Bar","Yellowjacket Ale",5.70
"Wrong Whip Bar","Caldera Ginger Beer",6.16
"Ye Olde Lord Bar","Yellowjacket Ale",5.70
"Ye Olde Lord Bar","Newark IPA",4.75
"Ye Olde Lord Bar","St. Stephen's Bock",9.68
"Ye Olde Lord Bar","Amstel Lentebock",3.85
"Ye Olde Lord Bar","Lawnmower Lager",9.99
